study,cohort,index,secs,chosen,E-RBF/s_ba,fused w=0.5/s_ba,record/s_ba,MKL fl=0.00 w=0.0/s_ba,MKL fl=0.00 w=0.1/s_ba,MKL fl=0.00 w=0.2/s_ba,MKL fl=0.00 w=0.3/s_ba,MKL fl=0.00 w=0.4/s_ba,MKL fl=0.00 w=0.5/s_ba,MKL fl=0.25 w=0.0/s_ba,MKL fl=0.25 w=0.1/s_ba,MKL fl=0.25 w=0.2/s_ba,MKL fl=0.25 w=0.3/s_ba,MKL fl=0.25 w=0.4/s_ba,MKL fl=0.25 w=0.5/s_ba,MKL fl=0.50 w=0.0/s_ba,MKL fl=0.50 w=0.1/s_ba,MKL fl=0.50 w=0.2/s_ba,MKL fl=0.50 w=0.3/s_ba,MKL fl=0.50 w=0.4/s_ba,MKL fl=0.50 w=0.5/s_ba,E-RBF/q_ba,fused w=0.5/q_ba,record/q_ba,MKL fl=0.00 w=0.0/q_ba,MKL fl=0.00 w=0.1/q_ba,MKL fl=0.00 w=0.2/q_ba,MKL fl=0.00 w=0.3/q_ba,MKL fl=0.00 w=0.4/q_ba,MKL fl=0.00 w=0.5/q_ba,MKL fl=0.25 w=0.0/q_ba,MKL fl=0.25 w=0.1/q_ba,MKL fl=0.25 w=0.2/q_ba,MKL fl=0.25 w=0.3/q_ba,MKL fl=0.25 w=0.4/q_ba,MKL fl=0.25 w=0.5/q_ba,MKL fl=0.50 w=0.0/q_ba,MKL fl=0.50 w=0.1/q_ba,MKL fl=0.50 w=0.2/q_ba,MKL fl=0.50 w=0.3/q_ba,MKL fl=0.50 w=0.4/q_ba,MKL fl=0.50 w=0.5/q_ba,MKL nested/s_ba,MKL nested/q_ba,MKL nested+prep_ba,baseline nested+prep_ba,E-RBF/s_f1,fused w=0.5/s_f1,record/s_f1,MKL fl=0.00 w=0.0/s_f1,MKL fl=0.00 w=0.1/s_f1,MKL fl=0.00 w=0.2/s_f1,MKL fl=0.00 w=0.3/s_f1,MKL fl=0.00 w=0.4/s_f1,MKL fl=0.00 w=0.5/s_f1,MKL fl=0.25 w=0.0/s_f1,MKL fl=0.25 w=0.1/s_f1,MKL fl=0.25 w=0.2/s_f1,MKL fl=0.25 w=0.3/s_f1,MKL fl=0.25 w=0.4/s_f1,MKL fl=0.25 w=0.5/s_f1,MKL fl=0.50 w=0.0/s_f1,MKL fl=0.50 w=0.1/s_f1,MKL fl=0.50 w=0.2/s_f1,MKL fl=0.50 w=0.3/s_f1,MKL fl=0.50 w=0.4/s_f1,MKL fl=0.50 w=0.5/s_f1,E-RBF/q_f1,fused w=0.5/q_f1,record/q_f1,MKL fl=0.00 w=0.0/q_f1,MKL fl=0.00 w=0.1/q_f1,MKL fl=0.00 w=0.2/q_f1,MKL fl=0.00 w=0.3/q_f1,MKL fl=0.00 w=0.4/q_f1,MKL fl=0.00 w=0.5/q_f1,MKL fl=0.25 w=0.0/q_f1,MKL fl=0.25 w=0.1/q_f1,MKL fl=0.25 w=0.2/q_f1,MKL fl=0.25 w=0.3/q_f1,MKL fl=0.25 w=0.4/q_f1,MKL fl=0.25 w=0.5/q_f1,MKL fl=0.50 w=0.0/q_f1,MKL fl=0.50 w=0.1/q_f1,MKL fl=0.50 w=0.2/q_f1,MKL fl=0.50 w=0.3/q_f1,MKL fl=0.50 w=0.4/q_f1,MKL fl=0.50 w=0.5/q_f1,MKL nested/s_f1,MKL nested/q_f1,MKL nested+prep_f1,baseline nested+prep_f1
seed,PD-252,4,26.6,MKL fl=0.00 w=0.0/q|MKL fl=0.50 w=0.0/q|MKL fl=0.00 w=0.5/s|MKL fl=0.00 w=0.0/s|MKL fl=0.50 w=0.4/q,0.7359959149432834,0.757239121712806,0.7608837582521794,0.7591439617755407,0.7591439617755407,0.7618466644782435,0.7724441040230513,0.7673833752781121,0.767158150052887,0.7538096801254696,0.7674772951088741,0.7651192690666375,0.7784194113141482,0.7677991756939126,0.770430754641281,0.7595114345114344,0.7647745924061715,0.7644071196702775,0.7777783856731226,0.7674544990334464,0.7628095707043077,0.7580871357187148,0.7736513841776999,0.7889274902432797,0.8084992887624466,0.8084992887624466,0.7951052266841742,0.7924736477368057,0.7951052266841742,0.7874129189918665,0.800094831673779,0.8001659554291134,0.7898420687894373,0.7951052266841742,0.7977368056315426,0.7921061750009118,0.797534376481745,0.797534376481745,0.7872104898420689,0.7924736477368057,0.7868430171061751,0.7894745960535434,0.7615503154976839,0.797534376481745,0.7892010431484116,0.7686134515081884,0.7310838751954135,0.7731347876275413,0.7396275435098965,0.7512244853297485,0.7512244853297485,0.7555122810697054,0.7709073070963104,0.7676194009691087,0.7741318167135738,0.743868865261906,0.7584583616869125,0.7594348054348055,0.7784817223792688,0.7736934200148289,0.7774890121497166,0.7460831490831492,0.7541062821062822,0.7593108158682401,0.7793247220615641,0.7684272861641281,0.771246046181628,0.7469857494379106,0.7739954214475826,0.7705251015930701,0.7935197627252423,0.7935197627252423,0.785268154473634,0.7816022028076823,0.785268154473634,0.7787693199747995,0.7867336343882169,0.7870998043052838,0.7773975653398869,0.785268154473634,0.7890561286826608,0.7865193630191089,0.7827897464162785,0.7827897464162785,0.7730506782561578,0.7808137044402365,0.7785267513422867,0.7825325662748751,0.7614099409362568,0.7829768241823036,0.7761522627787949,0.7627357651879263
seed,PD-252,0,26.6,MKL fl=0.25 w=0.2/q|MKL fl=0.00 w=0.0/q|MKL fl=0.00 w=0.0/q|MKL fl=0.50 w=0.2/s|MKL fl=0.25 w=0.5/q,0.7409855199328883,0.7465705584126636,0.7608837582521794,0.7620718897034686,0.7726693292482766,0.7806351898457161,0.7859694714957873,0.7836114454535508,0.7752781121202175,0.7647745924061713,0.7726693292482766,0.7729428821534085,0.7756455848561112,0.772646533172849,0.7649542254805413,0.7615849655323339,0.7618585184374658,0.77031130320604,0.7646806725754095,0.7700149542254806,0.7598934967356021,0.7578135828135828,0.7710198052303315,0.7889274902432797,0.8011033300506984,0.8011033300506984,0.7926988729620309,0.7953304519093993,0.79026972316446,0.7872706714811979,0.8031650071123755,0.8031650071123755,0.8031650071123755,0.7973921289710764,0.7896998212787687,0.7919639274902434,0.7844366633840318,0.7844366633840318,0.7871393660867346,0.789770945034103,0.779079585658533,0.7760094102199366,0.762049093628041,0.8011033300506984,0.8011033300506984,0.7626381442170918,0.7363088996236555,0.756381020034478,0.7396275435098965,0.7498040263582884,0.765329443730842,0.7777744886446444,0.7857660516201891,0.7869342471574197,0.780407931367946,0.7542717857734003,0.765329443730842,0.7695807683456609,0.7739147257688632,0.7762675804907528,0.7689667170986982,0.7449234649234648,0.7491087328146152,0.765889301097741,0.7635084758626134,0.7720554240834746,0.7655022937949795,0.7411584661584661,0.7697907839797872,0.7705251015930701,0.7817263858142182,0.7817263858142182,0.7758878097701627,0.7802864111687641,0.777349128424657,0.778756277398556,0.7859052073968483,0.7859052073968483,0.7859052073968483,0.7840063280941605,0.7778075268953593,0.7864071460617286,0.7692401711751558,0.7692401711751558,0.7732793043599864,0.7772543563350384,0.7721306415516942,0.7725624974320627,0.7611772308404546,0.7817263858142182,0.7817263858142182,0.7531857229225649
seed,PD-252,3,26.7,MKL fl=0.00 w=0.0/q|MKL fl=0.00 w=0.0/q|MKL fl=0.00 w=0.1/q|MKL fl=0.25 w=0.0/q|MKL fl=0.00 w=0.4/q,0.7362694678484153,0.7305449173870227,0.7608837582521794,0.7853512419301893,0.7854223656855236,0.7754431557063137,0.7757167086114455,0.7680244009191378,0.7707271036218406,0.7800169602801181,0.7827196629828208,0.7853512419301893,0.7807774373563847,0.7861117190064558,0.770086077980815,0.7773853813327497,0.7800169602801181,0.7827196629828208,0.7754431557063136,0.7834801400590875,0.7727887806835175,0.7527528540686437,0.763766094029252,0.7889274902432797,0.8036036036036036,0.806235182550972,0.8088667614983404,0.7923314002261371,0.7976656818762082,0.8029288397709451,0.7979018492176387,0.7922000948316738,0.7922000948316738,0.7976656818762082,0.8002972608235766,0.8002972608235766,0.786936936936937,0.786936936936937,0.7949027975343765,0.7977368056315426,0.7951052266841742,0.7920350512455776,0.795817376080534,0.8036036036036036,0.8036036036036036,0.7581582594740489,0.7360435996583824,0.7416571638136488,0.7396275435098965,0.7739256725802551,0.7742091966582999,0.7688859543381156,0.7740393593890671,0.7667764012868135,0.7711103587100159,0.7662292062621994,0.7704759145089076,0.7744070360189763,0.7772037493927527,0.7852805901781367,0.7720617639593106,0.762830223536106,0.7666181977451328,0.7704759145089076,0.768984832142727,0.7813494686680678,0.7765221040991278,0.7384089261183032,0.7590752889485027,0.7705251015930701,0.7800067231049699,0.7835691694165895,0.7872351210825412,0.7805893354140098,0.7887270366974087,0.7972258756525811,0.7776765339100639,0.7751364262877644,0.7753046565381865,0.7887270366974087,0.7929316741652042,0.7930212381847858,0.7673474944988327,0.7673474944988327,0.7790017722072516,0.7887826127249342,0.7848514912148655,0.7860566194199936,0.7850296218717272,0.7800067231049699,0.7800067231049699,0.7468508659843538
seed,PD-252,1,26.7,MKL fl=0.00 w=0.0/q|MKL fl=0.00 w=0.0/q|MKL fl=0.50 w=0.0/q|MKL fl=0.50 w=0.0/q|MKL fl=0.00 w=0.3/q,0.7497346536820221,0.7410110515373672,0.7608837582521794,0.7833716307400519,0.7833716307400519,0.7856357369515264,0.7962331764963345,0.7938040266987635,0.7992805558595032,0.7723355947040158,0.7803725790567897,0.7859092898566583,0.7938751504540977,0.7888855454644929,0.7915171244118613,0.7670013130539446,0.7775987525987527,0.780503884451253,0.7938751504540977,0.7965778531568005,0.7965778531568005,0.7674964438122334,0.7760805339752708,0.7889274902432797,0.8084992887624466,0.8084992887624466,0.8084992887624466,0.8084992887624466,0.8111308677098151,0.7951052266841742,0.7948316737790423,0.7948316737790423,0.8001659554291132,0.8028686581318158,0.8028686581318158,0.7978079293868767,0.8025951052266842,0.797534376481745,0.797534376481745,0.797534376481745,0.7922712185870081,0.783570412517781,0.7856357369515266,0.7949027975343765,0.7949027975343765,0.7674964438122334,0.7449862086284519,0.754544988277611,0.7396275435098965,0.7659560624123685,0.7658609031716457,0.7759512717515602,0.7914205924890856,0.7926448577133509,0.8023573174099491,0.7561148844149023,0.7684973458765816,0.7808231898916832,0.7930930311615244,0.7902686695504987,0.7940672043490336,0.7487559051454147,0.7638514662725189,0.7722631006740596,0.7930930311615244,0.7975316276527524,0.7975316276527524,0.7503477541233734,0.7726456557042243,0.7705251015930701,0.7935197627252423,0.7935197627252423,0.7935197627252423,0.7935197627252423,0.7973077369342692,0.7848514912148655,0.7789706082041381,0.7789706082041381,0.7869127265392587,0.7912005222792156,0.7912005222792156,0.7891392869548224,0.7852416643649519,0.7827897464162785,0.7827897464162785,0.7827897464162785,0.7750207617075826,0.7732631204470769,0.7754149754149754,0.7792905704138582,0.7792905704138582,0.7503477541233734
seed,PD-252,2,26.8,MKL fl=0.00 w=0.2/q|MKL fl=0.00 w=0.0/q|MKL fl=0.00 w=0.5/s|MKL fl=0.50 w=0.1/q|MKL fl=0.00 w=0.0/q,0.7567148119779699,0.7436426304847357,0.7608837582521794,0.7476319436845753,0.7556689280373492,0.7610032096874202,0.7562160338476128,0.7668134733924209,0.7695161760951235,0.7317604041288253,0.7425000911843018,0.7481079257395047,0.7614791917423496,0.7668134733924208,0.7644554473501843,0.7497765984608089,0.7477632490790386,0.7558713571871467,0.7534422073895758,0.7587764890396469,0.7670870262975527,0.760374038005617,0.7710909289856658,0.7889274902432797,0.7979729729729731,0.8006045519203413,0.8032361308677098,0.8084992887624466,0.7918326220957801,0.7790795856585332,0.7972608235766131,0.7895685158843053,0.7895685158843054,0.7892010431484116,0.7892010431484116,0.7764480067111647,0.7946292446292447,0.7916301929459825,0.7839378852536748,0.7892010431484116,0.7865694642010432,0.7785096837728417,0.7563582813582814,0.7892010431484116,0.7918326220957801,0.7659818725608201,0.7532589946800472,0.7586357016255201,0.7396275435098965,0.7319873027471484,0.7435667912693905,0.7512162457425614,0.7526923753510459,0.7684872449957755,0.7727750407357326,0.7133114384659596,0.7284555320076921,0.7404992048750815,0.7602459487827782,0.7682143840011628,0.7698967338574256,0.7300892203193994,0.7360916063852911,0.7480549844028106,0.7487231852815377,0.7565211417110731,0.7736952686559604,0.7445746274318454,0.7696894913128718,0.7705251015930701,0.7796188532587273,0.7830215994851899,0.7864969052113222,0.7941414103995215,0.7808968905760543,0.772470504818331,0.7784202719258791,0.7725545038406653,0.7722419564754863,0.7766092912358233,0.7766092912358233,0.7682658673505356,0.7746030675865974,0.7754373072832852,0.7695715391980713,0.7766092912358233,0.7730468449242037,0.7718733668477901,0.7549383577383451,0.7773344442644345,0.7813402591970229,0.7585004097214496
seed,PD-252,7,26.8,MKL fl=0.00 w=0.1/q|MKL fl=0.50 w=0.0/q|MKL fl=0.00 w=0.2/s|MKL fl=0.25 w=0.1/q|MKL fl=0.00 w=0.1/q,0.7070977860451546,0.7485611117190065,0.7608837582521794,0.7565725644673014,0.7696702775650144,0.7723018565123828,0.7672411277674436,0.764883101725207,0.7675146806725754,0.764264872159609,0.7616332932122406,0.7695991538096802,0.7672411277674436,0.7725754094175147,0.7675858044279098,0.7689809242440822,0.7641937484042748,0.7565014407119671,0.7565725644673014,0.7700149542254806,0.7753492358755516,0.7506911770069665,0.7556351898457162,0.7889274902432797,0.8064376117007697,0.8117718933508407,0.7963872779662253,0.7963872779662253,0.7796494875442244,0.7822810664915929,0.7981042783674364,0.789770945034103,0.789770945034103,0.7924025239814714,0.7924025239814714,0.7772914615019879,0.7794470583944267,0.7794470583944267,0.7794470583944267,0.7821497610971295,0.7847813400444978,0.7689581281686545,0.7647517963307436,0.809069190648138,0.7950341029288398,0.7475270817376082,0.7000735375735376,0.7608045778120601,0.7396275435098965,0.7513820204605333,0.7664542124542125,0.770418552095492,0.7673867595818816,0.7680626871553556,0.7718582792902434,0.7583250163530668,0.754526481554532,0.7668041688041688,0.7680686474019808,0.7758434760743559,0.772396644578558,0.7558697474067507,0.7586108914932443,0.7515119903943432,0.7519885408708937,0.7721084662974697,0.7800769015158542,0.73508607856742,0.7562147722721966,0.7705251015930701,0.7885978835978836,0.7966842141363754,0.7844418675486791,0.7844418675486791,0.7718258991574896,0.7758009511325415,0.7826183228238023,0.7763053713053714,0.7763053713053714,0.7801039061039061,0.7801039061039061,0.7731838161838163,0.7664417064647779,0.7664417064647779,0.7664417064647779,0.7702758883811516,0.7736090486090486,0.7663592547803073,0.7639849231739264,0.7923964183964184,0.7840789580789581,0.7454369944944188
seed,PD-252,5,26.9,MKL fl=0.25 w=0.0/q|MKL fl=0.00 w=0.0/q|MKL fl=0.50 w=0.4/q|MKL fl=0.25 w=0.2/q|MKL fl=0.50 w=0.4/q,0.7173988766094029,0.7279133384396542,0.7608837582521794,0.7637888901046795,0.7743863296494875,0.7747310063099537,0.7800652879600248,0.7723729802677172,0.7644554473501841,0.7560254586570376,0.7612886165517744,0.7747310063099537,0.7697414013203487,0.7751468067257542,0.7721477550424919,0.7559543349017034,0.7612886165517744,0.7590017142648722,0.7671098223729803,0.7778495094284568,0.7670870262975528,0.7503237042710728,0.7582667687930845,0.7889274902432797,0.8142010431484115,0.8194642010431483,0.8111308677098151,0.8084281650071123,0.7900444979392349,0.7876864718969983,0.797534376481745,0.8001659554291132,0.7924736477368055,0.7951763504395084,0.7874840427472006,0.7928183243972717,0.7845077871393661,0.7898420687894372,0.7898420687894372,0.7951763504395084,0.7928183243972717,0.7767926833716307,0.7644554473501842,0.7951763504395083,0.7951763504395083,0.7530264069737754,0.7173701383846312,0.7369306914234451,0.7396275435098965,0.7487235322532808,0.7645721914545444,0.7694845309263635,0.7776064625585926,0.7701747569499471,0.769686511059725,0.7423137352704442,0.7495421332480156,0.7693081654941107,0.7669758418299792,0.7754177816960299,0.7768341180812577,0.7417685464744288,0.7495315726585077,0.7506638655462184,0.7631773070314445,0.7798601446862315,0.7735769749115924,0.7402450336120128,0.7606977191498804,0.7705251015930701,0.7951772394176618,0.8033728114924944,0.7973077369342692,0.7933666627877155,0.7824696612065033,0.7838247892458419,0.783078544622885,0.7869127265392587,0.7805997750208278,0.7843829683829684,0.7784318744318744,0.7867574569464603,0.7684884688553801,0.7764767948978475,0.7764767948978475,0.7843829683829684,0.7867574569464603,0.7732669744559777,0.769568217315357,0.7845748269958797,0.7845748269958797,0.7445328293519697
seed,PD-252,8,26.9,MKL fl=0.00 w=0.1/q|MKL fl=0.00 w=0.0/q|MKL fl=0.00 w=0.3/s|MKL fl=0.50 w=0.0/q|MKL fl=0.00 w=0.1/q,0.7197569026516394,0.7464994346573295,0.7608837582521794,0.758657037604406,0.7718149323412482,0.7668253273516431,0.7695280300543458,0.7728717583980742,0.7678821534084692,0.753821534084692,0.7644189736295,0.7671216763322025,0.7570713425976584,0.7547844403107561,0.7628925484188642,0.7641454207243681,0.7694797023744393,0.7540950869898237,0.759429368639895,0.7598451690556953,0.7628925484188642,0.7396551409709304,0.7478717583980742,0.7889274902432797,0.7894262683736368,0.7843655396286975,0.786997118576066,0.7819363898311267,0.7925338293759346,0.7925338293759346,0.7794470583944267,0.7847102162891637,0.787341795236532,0.7926049531312689,0.8002261370682422,0.775867162709268,0.7690520479994163,0.7796494875442244,0.7822810664915929,0.7822810664915929,0.7682459787722946,0.7606247948353213,0.7622515227778386,0.786997118576066,0.786997118576066,0.7450605463763359,0.7185913097084293,0.7563434672025799,0.7396275435098965,0.7461418668477492,0.7658419783022467,0.763316048092106,0.7665839719327543,0.7695806117693665,0.7661301382908429,0.7377108576163485,0.7534439074439074,0.7572322759381583,0.7501382870048738,0.7511772572977282,0.7633113918199224,0.7487260127490842,0.7562178002178003,0.7421858028627428,0.7497953326329772,0.7545577136987637,0.7633113918199224,0.7245399529244871,0.7497313653442309,0.7705251015930701,0.7705976228513542,0.7691587510411041,0.772946725250131,0.7703790122613653,0.7873337298617804,0.7873337298617804,0.7663984084740436,0.7742606514941814,0.7786592528927828,0.787081851024792,0.7938166376138811,0.7730003534577511,0.756046323770782,0.7723463013743519,0.7769703647078263,0.7772878111305358,0.7668336154406422,0.7597604618232026,0.7644960510045815,0.7731338030161561,0.7731338030161561,0.7329818927905377
seed,PD-252,6,27.0,MKL fl=0.00 w=0.1/q|MKL fl=0.00 w=0.1/q|MKL fl=0.00 w=0.0/q|MKL fl=0.25 w=0.1/q|MKL fl=0.25 w=0.4/q,0.7149925228872598,0.72784221468432,0.7608837582521794,0.7672639238428712,0.7723246525878105,0.7750273552905133,0.769966626545574,0.7539409855199329,0.7465933544880914,0.7746115548747128,0.7689809242440822,0.7639913192544772,0.7639913192544772,0.7488802567749937,0.754285662180399,0.7605992632308421,0.7660046686362476,0.7637177663493453,0.7613597403071087,0.7696702775650144,0.7647517963307436,0.7553133092606776,0.7629116971222235,0.7889274902432797,0.8167614983404456,0.8167614983404456,0.7924025239814714,0.787341795236532,0.7899733741839006,0.7872706714811979,0.7947605500237078,0.7973921289710764,0.7924025239814714,0.8003683845789109,0.7977368056315426,0.7894034722982093,0.7948316737790423,0.7948316737790423,0.8027975343764817,0.7894034722982093,0.7867718933508407,0.7868430171061751,0.7619296421928001,0.8167614983404456,0.8167614983404456,0.7553133092606776,0.7097546983880536,0.736622244354867,0.7396275435098965,0.7562194162474667,0.759519782547833,0.7636739266739268,0.7602095033702078,0.7475834856619985,0.7444457230585886,0.7583261128242732,0.7557269720303776,0.7530998241278746,0.7530998241278746,0.7441190623582795,0.75224104001461,0.7392331314061067,0.7465852027579819,0.7472479764964135,0.7488792299072803,0.7659901221508265,0.7639849231739264,0.7435002482651407,0.7592748313333999,0.7705251015930701,0.7995517640254481,0.7995517640254481,0.7810531924446849,0.7789089952478563,0.782840116757925,0.7791255411255411,0.7788175082666113,0.7831051076068423,0.7809269325815151,0.7929872501927295,0.7887826127249342,0.7819580513214255,0.7786356022901847,0.7786356022901847,0.7908877785143107,0.7819580513214255,0.7780269298113567,0.7785267513422867,0.7483817482641013,0.7993386940459081,0.7993386940459081,0.7435002482651407
seed,PD-252,9,26.9,MKL fl=0.00 w=0.0/q|MKL fl=0.00 w=0.1/q|MKL fl=0.00 w=0.3/s|MKL fl=0.25 w=0.0/q|MKL fl=0.25 w=0.0/q,0.7104898420687895,0.722852609694715,0.7608837582521794,0.7556579859211437,0.7505972571762045,0.7532999598789073,0.7559315388262757,0.7696702775650144,0.7589789181894446,0.7509647299120983,0.7535963088594668,0.7562990115621695,0.7566436882226355,0.7566436882226355,0.7486550315497684,0.7559543349017032,0.7612886165517745,0.7639913192544772,0.7617044169675748,0.7566436882226355,0.7453113032060401,0.7503237042710728,0.7529324871430133,0.7889274902432797,0.800094831673779,0.800094831673779,0.7900444979392347,0.7953076558339717,0.7792820148083306,0.7792820148083306,0.7951052266841742,0.7951052266841742,0.8029999635262793,0.794666630192946,0.7760094102199366,0.768317102527629,0.789770945034103,0.7977368056315425,0.7837017179122443,0.7707462523251998,0.770817376080534,0.7631250683882262,0.7483814786446366,0.8054291133238503,0.797095779990517,0.7530264069737754,0.7116503797111026,0.733420591753925,0.7396275435098965,0.7466666147316443,0.7439042618640282,0.7478451190752982,0.7516436538738329,0.7670770595223416,0.760689729391693,0.7395730961324049,0.7432307016847473,0.747171558896017,0.7518456662017033,0.7518456662017033,0.749795236157904,0.7422512917992794,0.7497666141153966,0.7537416660904486,0.755286961748262,0.7521456995017367,0.7457337631755958,0.7400785939206992,0.752990144192472,0.7705251015930701,0.7874463294989611,0.7874463294989611,0.7826788905736274,0.7901350309245047,0.7770566844045105,0.7770566844045105,0.7845340447921558,0.7845340447921558,0.7962719712070223,0.7894888850948222,0.7721147893202687,0.7658018378018377,0.7767222951137198,0.7883325795906906,0.7781958303235067,0.7640734088852957,0.7647035990729101,0.7583906475544792,0.7457220247782909,0.7955277545227076,0.7885686571745942,0.7443663896606563
seed,PD-252,12,26.9,MKL fl=0.25 w=0.0/q|MKL fl=0.00 w=0.0/q|MKL fl=0.00 w=0.3/s|MKL fl=0.50 w=0.1/s|MKL fl=0.25 w=0.4/q,0.7331281686544845,0.7224851369588212,0.7608837582521794,0.7690292519239887,0.7503720319509795,0.753074734653682,0.753074734653682,0.7506455848561112,0.7429532771638035,0.7583606886238465,0.7610633913265492,0.7610633913265492,0.7611345150818835,0.7590500419447788,0.7593235948499106,0.7633502936134515,0.7634214173687858,0.7584318123791809,0.7401192690666375,0.7584801400590875,0.7587536929642192,0.7605764671554145,0.7452401794507056,0.7889274902432797,0.8031650071123757,0.8058677098150783,0.8084992887624466,0.8084992887624466,0.7840691906481381,0.7867007695955065,0.8084992887624466,0.8058677098150783,0.8084992887624466,0.7944642010431485,0.7867718933508407,0.7867718933508407,0.7981754021227706,0.7898420687894373,0.7841403144034724,0.7867718933508407,0.7790795856585331,0.7843427435532699,0.7476693292482766,0.797095779990517,0.7886913229018493,0.7629116971222235,0.7386075358031832,0.7373557985471895,0.7396275435098965,0.7662568896047157,0.7482031752031751,0.7524498834498834,0.7524498834498834,0.7533864088001909,0.7459547031915453,0.7508249194062755,0.754979063532369,0.754979063532369,0.7552625876104138,0.7611401062821989,0.7658358491358365,0.7521028410055061,0.7524094373568774,0.7489707615346199,0.7373905144871445,0.7609961182329603,0.7656896466106992,0.7502402392682896,0.7454972678704818,0.7705251015930701,0.7853435297645824,0.7896313255045395,0.7935723996510929,0.7935723996510929,0.7741748719117141,0.778016977174872,0.7932157254212049,0.789284603911136,0.7932256780576896,0.7838713584978907,0.7779202645467966,0.7779202645467966,0.7822938774993571,0.7760878182111058,0.773273955900488,0.7770724906990228,0.7711213967479289,0.7795651635074851,0.7440490310770815,0.7879943386208706,0.7803896976232275,0.7577062297342801
seed,PD-252,14,26.8,MKL fl=0.00 w=0.0/q|MKL fl=0.00 w=0.0/q|MKL fl=0.50 w=0.1/s|MKL fl=0.25 w=0.0/q|MKL fl=0.00 w=0.2/q,0.738698617645986,0.7598707006601744,0.7608837582521794,0.7750273552905133,0.783064339643287,0.7857670423459897,0.7803388408651567,0.7650253492358756,0.7729200860779809,0.7723246525878105,0.7750984790458475,0.7777072619177883,0.7650253492358756,0.767656928183244,0.7702885071306124,0.774682678630047,0.7803616369405842,0.7723018565123829,0.7673122515227779,0.7643131998395157,0.7697186052449212,0.7692544771492139,0.7530036108983478,0.7889274902432797,0.8064376117007697,0.8033674362621731,0.8033674362621731,0.8033674362621731,0.8033674362621731,0.7822810664915929,0.8034385600175075,0.8034385600175075,0.8034385600175075,0.7951052266841742,0.7977368056315426,0.7977368056315426,0.7821497610971295,0.7874129189918665,0.7927472006419374,0.7927472006419374,0.7927472006419374,0.7787121129226393,0.773085129664077,0.7981042783674364,0.7981042783674364,0.7499562315351789,0.7353008300376722,0.7773297879723986,0.7396275435098965,0.7631773326163419,0.7752120704175498,0.7794587786642581,0.782857200037167,0.7689615011662342,0.7808837356646064,0.7592362584697884,0.7634608566943866,0.7780921096447413,0.7687927536598422,0.7727790451461338,0.7767433847874134,0.7580754321632646,0.7709599663423192,0.7700667452751853,0.767011523539574,0.7687114840276758,0.7771534238937263,0.7624157495448507,0.752419180137309,0.7705251015930701,0.7896074758374686,0.7912614969983391,0.7912614969983391,0.7912614969983391,0.7912614969983391,0.7767043622363987,0.7911647843702638,0.7911647843702638,0.7911647843702638,0.7847448259503054,0.7888433940488735,0.7888433940488735,0.770172371377851,0.7779459581514377,0.7861980935326741,0.7861980935326741,0.7861980935326741,0.776124079065067,0.7707273991225383,0.7835424012792434,0.7835424012792434,0.7446262758606401
seed,PD-252,10,27.0,MKL fl=0.50 w=0.0/q|MKL fl=0.00 w=0.0/q|MKL fl=0.00 w=0.4/s|MKL fl=0.50 w=0.0/q|MKL fl=0.00 w=0.2/q,0.7409855199328883,0.7409399277820331,0.7608837582521794,0.7559652770179086,0.7665627165627167,0.7881250683882264,0.790827771090929,0.7794953860743334,0.7771373600320968,0.7795409782251888,0.7954015756647336,0.8008069810701389,0.8088439654229129,0.7801364117153591,0.7644554473501842,0.7741355728197833,0.7873645913119598,0.7827196629828209,0.7797917350548931,0.7745057810847286,0.7721477550424918,0.779173505489295,0.7683882262829631,0.7889274902432797,0.7952702702702703,0.7868658131816028,0.779173505489295,0.7818762081919977,0.7871393660867346,0.7845077871393661,0.7868658131816028,0.7845077871393661,0.7871393660867346,0.7818050844366634,0.7845077871393661,0.7732465258781048,0.7867946894262683,0.7845077871393661,0.7872104898420689,0.7815087354561039,0.7705438231754023,0.7731754021227706,0.7718030783820259,0.7971185760659445,0.7887852427326111,0.7690520479994165,0.7351818119564066,0.7531455899089838,0.7396275435098965,0.738003521331143,0.7528342522083665,0.7785796382372789,0.7826616971138585,0.777628225178379,0.7792238410211345,0.756525574613407,0.7792901981148725,0.787483475425797,0.7996413042513602,0.7770134630473814,0.769568217315357,0.7483447396077407,0.7673704799824204,0.7701271377817204,0.7720359464850496,0.7755004936583884,0.777286535189863,0.7609663869956738,0.7658596624697185,0.7705251015930701,0.7746227817106142,0.7682028232906557,0.7621665359912104,0.766205669176041,0.7732434212137932,0.7696809749021736,0.767703077041736,0.7696809749021736,0.7732434212137932,0.7651665012543336,0.7692056344391643,0.7635357730629788,0.7672994754829793,0.7692056344391643,0.7733597785652581,0.770201168827701,0.7592479773230221,0.7632857640976509,0.7709812334022861,0.7773735495570534,0.7705489881535446,0.7567479904538305
seed,PD-252,11,27.0,MKL fl=0.00 w=0.0/q|MKL fl=0.00 w=0.1/q|MKL fl=0.00 w=0.2/q|MKL fl=0.00 w=0.2/q|MKL fl=0.50 w=0.4/q,0.7362694678484152,0.7333187438450597,0.7608837582521794,0.7725380238538133,0.7752407265565161,0.7834801400590875,0.7837536929642194,0.7807546412809571,0.7835284677389941,0.7647745924061714,0.7701799978115768,0.7594886384360068,0.7673833752781121,0.775420359630886,0.7835284677389941,0.7486294999452894,0.7620007659481344,0.7697414013203489,0.770086077980815,0.7623937702885073,0.7510613852719116,0.7580871357187148,0.7660302002407267,0.7889274902432797,0.8032361308677098,0.8032361308677098,0.7949027975343765,0.7925447714921401,0.7901156216945692,0.7927472006419375,0.7948316737790423,0.797534376481745,0.8001659554291134,0.7951052266841742,0.8004395083342452,0.7813436918700077,0.7845077871393661,0.7871393660867345,0.789770945034103,0.7816400408505673,0.7864755443702812,0.7787832366779736,0.7595597621913411,0.7976055002370792,0.7976055002370792,0.7658277710909289,0.7354187270853938,0.7482122790341466,0.7396275435098965,0.7615092256447948,0.7657970213847518,0.7828739216107636,0.7867990286251155,0.7892117963014984,0.7943859863859866,0.7539598008008495,0.7618872275000932,0.7566250989748067,0.7676164583054617,0.7806656824710178,0.7943859863859866,0.7299868687935639,0.7487615330100699,0.7661004737133394,0.7720588212956634,0.7649599201967623,0.7591031664387714,0.7459583050094947,0.7674075707018373,0.7705251015930701,0.7871036583617694,0.7871036583617694,0.780683699941811,0.782121815372642,0.7834796286728043,0.7871455803387558,0.7810077092412391,0.7851618533673328,0.7886371590934653,0.7860008042062837,0.7937488147488148,0.7806584962727244,0.7697466960328574,0.7731841334702949,0.7767222951137198,0.775416956998313,0.7829462875563437,0.7765535224267364,0.7580724524448638,0.7847657588183903,0.7847657588183903,0.7617695150637817
seed,PD-252,13,27.0,MKL fl=0.25 w=0.0/q|MKL fl=0.00 w=0.0/q|MKL fl=0.00 w=0.4/s|MKL fl=0.50 w=0.5/s|MKL fl=0.50 w=0.3/q,0.7249489367910422,0.7277710909289856,0.7608837582521794,0.7503237042710726,0.7529552832184411,0.7555868621658096,0.7479656782288362,0.7455365284312652,0.7482392311339681,0.7446447459605354,0.7472763249079037,0.7475498778130356,0.7502525805157384,0.7428338257285626,0.7562050917314076,0.7496343509501403,0.7445736222052012,0.7582412371886057,0.7716125031914506,0.751167159061896,0.7672411277674436,0.7579448882080462,0.7709486814749972,0.7889274902432797,0.7921289710763395,0.7921289710763395,0.7891299193930774,0.7867007695955065,0.7867007695955065,0.7919639274902434,0.7921289710763395,0.7921289710763395,0.7890587956377431,0.7813664879454354,0.7840691906481381,0.7920350512455776,0.7922000948316739,0.7865694642010432,0.7892010431484116,0.7918326220957801,0.7810701389648759,0.7784385600175074,0.7479656782288361,0.7837956377430062,0.7864983404457089,0.7683171025276289,0.7261293054771316,0.7382925185251412,0.7396275435098965,0.7385787409224764,0.7423772757210113,0.74603466433807,0.7391763616254647,0.7404033149309306,0.7442374968473043,0.7261714875984404,0.7298374392643922,0.7340049355529232,0.737862652316698,0.7363641817461,0.7561151735821948,0.728456950544105,0.7250156549975463,0.7394003133009504,0.7585488655269896,0.7430791251910656,0.7673011608028955,0.7461416711697215,0.7701128986310158,0.7705251015930701,0.7752405753284076,0.7752405753284076,0.776460962042318,0.7778786006178514,0.7778786006178514,0.7860143595957154,0.7752579460826204,0.7752579460826204,0.7757527746094857,0.7698016806583917,0.7738408138432223,0.7862373822117403,0.7751567283902583,0.7724863111128432,0.7761522627787949,0.7799402369878218,0.7749443274404249,0.771156353231398,0.7402101326823072,0.768416013924899,0.7724551471097296,0.766075111856387
seed,PD-252,15,26.5,MKL fl=0.25 w=0.2/q|MKL fl=0.00 w=0.4/q|MKL fl=0.50 w=0.1/q|MKL fl=0.25 w=0.0/q|MKL fl=0.25 w=0.1/q,0.7275914578546157,0.7486322354743408,0.7608837582521794,0.7639913192544772,0.7693256009045484,0.7747310063099537,0.7691003756793231,0.7584090163037531,0.7587536929642194,0.7635755188386767,0.7716125031914507,0.7693256009045484,0.7579932158879528,0.7480140059087428,0.7664460006565269,0.7609439398913083,0.7716836269467848,0.777017908596856,0.7552905131852501,0.7606959185906556,0.7637432979538242,0.7575774154721524,0.7736513841776999,0.7889274902432797,0.808570412517781,0.8027975343764817,0.7977368056315426,0.8003683845789109,0.8003683845789109,0.8005708137287085,0.7922000948316738,0.800094831673779,0.7924025239814714,0.7924736477368057,0.8030710872816135,0.786404420614947,0.797534376481745,0.7924736477368057,0.7924736477368057,0.7841403144034724,0.7784385600175074,0.7837728416675784,0.7634697450486925,0.7924025239814714,0.7924025239814714,0.7532771638034796,0.7260133353521961,0.7611522437489711,0.7396275435098965,0.7530017650895975,0.7608394330729629,0.769075636075636,0.7665388704120843,0.7609363626718713,0.7664505249535519,0.7481872894906951,0.7598764090992143,0.7608394330729629,0.7547740303485861,0.7495695140216752,0.7732061431721828,0.7443993152816683,0.7597661052152083,0.7676383008718307,0.7502643414978714,0.7585005445005445,0.7690657922949897,0.7509492488188141,0.7738162943344116,0.7705251015930701,0.79393586993587,0.7908877785143107,0.7889918420920583,0.7929229636021272,0.7929229636021272,0.7990215361570334,0.7753046565381865,0.7867336343882169,0.7806973470887717,0.7808137044402365,0.7972715406660233,0.7827953501898328,0.7827897464162785,0.7808137044402365,0.7808137044402365,0.7739891430367278,0.7707396899726294,0.7789586072226552,0.7636939935635588,0.7806973470887717,0.7806973470887717,0.7598404939504297
seed,PD-252,17,26.5,MKL fl=0.00 w=0.0/q|MKL fl=0.50 w=0.1/q|MKL fl=0.25 w=0.5/q|MKL fl=0.50 w=0.5/s|MKL fl=0.00 w=0.3/q,0.7331509647299121,0.7361755480176533,0.7608837582521794,0.780230331546121,0.7699064449064449,0.7725380238538133,0.7694678484152168,0.7643359959149434,0.7620490936280411,0.7771829521829522,0.7905542181857972,0.7822208848524638,0.7644071196702776,0.7697414013203489,0.7620490936280411,0.758750957435168,0.7583834846992741,0.7664204690520481,0.7744574534048219,0.7774337090126565,0.7620490936280409,0.7610861874019769,0.7606959185906554,0.7889274902432797,0.806235182550972,0.8088667614983406,0.805796586059744,0.8084281650071123,0.793043549622497,0.7873417952365321,0.7952702702702703,0.8031650071123757,0.8031650071123757,0.7981042783674364,0.7897709450341031,0.7817111646059016,0.7925675675675676,0.7978307254623045,0.7894973921289711,0.7845789108947004,0.7841403144034724,0.7844138673086042,0.7668362694678484,0.7785324798482693,0.7839378852536747,0.7451918517707992,0.7297180915672499,0.7462940003513643,0.7396275435098965,0.7675527054611727,0.7569553028637701,0.7605177491753897,0.7612622439198844,0.7580773406902064,0.759680515293381,0.7582778194725742,0.7773031060660098,0.7708831476460514,0.7583839370415776,0.7661004737133394,0.759680515293381,0.7365201174024705,0.7411148912482048,0.7526538519538699,0.7644200708722321,0.7733634318155931,0.7598445722967334,0.744768085344081,0.7597287224715015,0.7705251015930701,0.7842477924986191,0.7884153651593426,0.7895786885786886,0.7933666627877155,0.7809376103586629,0.7786162200372727,0.7741452516015577,0.7854557084557084,0.7854557084557084,0.7832925887136414,0.7768726302936829,0.7757327327803175,0.7696124796405301,0.7772195054530353,0.7709065539346044,0.7693847265902061,0.7746014878069672,0.7800205285202744,0.757763742421383,0.7608286465285763,0.7692705863946269,0.7390637976939347
seed,PD-252,18,26.5,MKL fl=0.00 w=0.5/q|MKL fl=0.00 w=0.0/q|MKL fl=0.00 w=0.5/s|MKL fl=0.25 w=0.4/q|MKL fl=0.25 w=0.5/q,0.7146961739067003,0.7215705584126637,0.7608837582521794,0.7477632490790386,0.7477632490790386,0.7584318123791809,0.7510841813473392,0.7590500419447789,0.7507167086114455,0.7396551409709305,0.7422867199182989,0.7507395046868731,0.7560737863369443,0.7563473392420761,0.7346910675858045,0.7420131670131671,0.7526817303133091,0.7607187146660831,0.7583606886238465,0.7419675748623117,0.7477176569281833,0.7578737644527118,0.7605536710799868,0.7889274902432797,0.7971896998212789,0.8051555604187183,0.8024528577160156,0.7787349089980669,0.7736741802531275,0.7686134515081884,0.8048820075135863,0.7998212787686472,0.7941195243826823,0.7737453040084621,0.7763768829558304,0.7686845752635226,0.7998212787686472,0.7837956377430061,0.7837956377430061,0.7736741802531275,0.7763768829558304,0.7604223656855236,0.7528723055038846,0.7763768829558303,0.7706751285698654,0.7521720100667469,0.7144847094658907,0.7317966587894125,0.7396275435098965,0.7355483558321755,0.7355483558321755,0.7511978251648463,0.7496066000877397,0.7614886942316594,0.7540323824275216,0.7239140359587791,0.7279198508913677,0.7442470739303422,0.7521033793335584,0.7574495610468288,0.7389035365898149,0.7225335472384922,0.73770007422513,0.7491904485162989,0.750143430451023,0.7396892253291469,0.7534910263099587,0.7460559922861713,0.7594323377614517,0.7705251015930701,0.7767829524929899,0.7880977034649476,0.784156629318394,0.765089721327189,0.7624849304066086,0.7614314552194191,0.7824441782694732,0.7800362984955094,0.7771326580129214,0.7637177289036741,0.7675598341668319,0.7608682194752172,0.7796744409281724,0.7666967263715103,0.7666967263715103,0.7635207009820013,0.7675598341668319,0.7539471495535569,0.7483723443600131,0.7669045067746626,0.7634540099031131,0.7426251908366577
seed,PD-252,19,26.5,MKL fl=0.00 w=0.0/q|MKL fl=0.00 w=0.3/q|MKL fl=0.00 w=0.2/s|MKL fl=0.00 w=0.3/q|MKL fl=0.25 w=0.4/q,0.7439617755407228,0.7526169894590946,0.7608837582521794,0.764643287011708,0.7649168399168399,0.7701799978115769,0.7781458584090164,0.7777783856731225,0.7754914833862203,0.7619405843090054,0.7622141372141372,0.7701799978115769,0.769812525075683,0.7674544990334465,0.7728599044388519,0.7721933471933472,0.7775276288434183,0.7721705511179195,0.7774337090126564,0.7724441040230514,0.783183791078528,0.7577424590582484,0.7710198052303315,0.7889274902432797,0.8139986139986141,0.806235182550972,0.8005334281650072,0.8032361308677098,0.7795181821497611,0.779079585658533,0.7972608235766131,0.7998924025239814,0.80252398147135,0.7922000948316738,0.7764480067111647,0.7843427435532698,0.7945581208739104,0.7971896998212789,0.7941906481380165,0.7968933508407192,0.7895457198088778,0.7871165700113069,0.7754540978225188,0.7922712185870081,0.8006045519203415,0.7577424590582484,0.7426122123490544,0.7648145387180475,0.7396275435098965,0.7499531060997617,0.7540455731485991,0.7616029377513109,0.7731191314688391,0.7789614555583031,0.7812981941957406,0.7450921274762677,0.7497460502023563,0.7616783511305123,0.7666991730488808,0.7681548235937763,0.7771578433185479,0.7551565083900383,0.7632136192416696,0.7665465739987353,0.7737423411945024,0.7713858363858364,0.7886210652524875,0.7399261813410654,0.7700642999375138,0.7705251015930701,0.79050724375474,0.7836909097189603,0.7817934078214582,0.7859475519475521,0.7675221675098364,0.7717139782929257,0.7777113489448789,0.7813784879781019,0.7853535399531539,0.7753734494014999,0.7679260040838989,0.77984973727079,0.7736722157600481,0.777191426645343,0.7781777268323093,0.7823318709584031,0.7823589976532641,0.7841814634757298,0.7678824319693138,0.7759489171683629,0.7823688755883215,0.7399261813410654
seed,PD-252,16,26.6,MKL fl=0.50 w=0.0/q|MKL fl=0.00 w=0.0/q|MKL fl=0.00 w=0.4/q|MKL fl=0.00 w=0.1/q|MKL fl=0.00 w=0.1/q,0.7438906517853886,0.7415098296677243,0.7608837582521794,0.7697641973957763,0.7699666265455739,0.7752297844403107,0.775574461100777,0.7809798665061823,0.7759902615165775,0.78029051318525,0.7829220921326184,0.7855536710799869,0.7809798665061823,0.7732875588138747,0.7566208921472081,0.7745404311193784,0.7721824050771418,0.7856247948353212,0.7833378925484189,0.7670870262975527,0.7699210343947186,0.761086187401977,0.7763540868804026,0.7889274902432797,0.8114983404457089,0.8011033300506984,0.7844366633840318,0.7871393660867346,0.7820786373417953,0.787341795236532,0.8081546121019805,0.7998212787686472,0.7921289710763395,0.7894973921289711,0.7923314002261371,0.7919639274902434,0.7945581208739104,0.7972608235766131,0.7922000948316738,0.8001659554291134,0.7894034722982093,0.7894034722982093,0.7911724477513952,0.7894973921289711,0.7894973921289711,0.7798628588102272,0.743053391053391,0.7534842934842936,0.7396275435098965,0.7566140420960705,0.7603970259512879,0.7682670590368941,0.7735346603315895,0.7818875043085569,0.7796471770142656,0.7720837024324849,0.7758716766415118,0.78011838488822,0.7828258408258408,0.7752212232212232,0.7617358100836362,0.7597243569175325,0.7608294481278868,0.7806074472386502,0.7814930827143087,0.7740647714858241,0.782427543104483,0.7455075509286035,0.7778375267107405,0.7705251015930701,0.791315833548919,0.7809476748072921,0.7688489800125152,0.7728881131973461,0.771100143444657,0.7787222995700576,0.7873774264652589,0.7811713671770077,0.7748852673119606,0.7710972931029337,0.7808628513717364,0.7864071460617286,0.7731539211595617,0.7771930543443923,0.7748014203738111,0.7867647983913304,0.7819580513214255,0.7828421944687266,0.7893695487833308,0.7712406139830966,0.7712406139830966,0.7726576539519204
partition,UCI-489,0,1.4,MKL fl=0.00 w=0.0/s|MKL fl=0.00 w=0.0/q|MKL fl=0.25 w=0.0/q|MKL fl=0.00 w=0.0/s|MKL fl=0.50 w=0.0/q,0.8625,0.8625,0.875,0.8375,0.825,0.825,0.825,0.825,0.825,0.8375,0.825,0.825,0.825,0.825,0.825,0.825,0.825,0.825,0.825,0.825,0.825,0.8375,0.825,0.825,0.8,0.8,0.8,0.8,0.8125,0.8125,0.8,0.8,0.8,0.8125,0.8125,0.8125,0.8,0.8,0.8,0.8125,0.8125,0.825,0.825,0.8,0.8125,0.8375,0.862156862745098,0.862156862745098,0.874407096171802,0.8370588235294116,0.8244117647058824,0.8244117647058824,0.8244117647058824,0.8244117647058824,0.8244117647058824,0.8370588235294116,0.8244117647058824,0.8244117647058824,0.8244117647058824,0.8244117647058824,0.8244117647058824,0.8244117647058824,0.8244117647058824,0.8244117647058824,0.8244117647058824,0.8244117647058824,0.8244117647058824,0.8334104302989752,0.8205626245099928,0.8209594499068184,0.7986181139122316,0.7986181139122316,0.7986181139122316,0.7986181139122316,0.811265172735761,0.811265172735761,0.7986181139122316,0.7986181139122316,0.7986181139122316,0.811265172735761,0.811265172735761,0.811265172735761,0.7986181139122316,0.7986181139122316,0.7986181139122316,0.811265172735761,0.811265172735761,0.8244117647058824,0.8244117647058824,0.7986181139122316,0.8117647058823529,0.8334104302989752
partition,UCI-489,1,1.4,MKL fl=0.00 w=0.0/s|MKL fl=0.25 w=0.0/s|MKL fl=0.00 w=0.2/q|MKL fl=0.25 w=0.0/s|MKL fl=0.00 w=0.0/s,0.8375,0.875,0.8875,0.8625,0.8625,0.85,0.85,0.85,0.85,0.8625,0.85,0.85,0.85,0.85,0.8375,0.8375,0.8375,0.8375,0.8375,0.8375,0.8375,0.8875,0.875,0.875,0.8375,0.8375,0.8375,0.825,0.8125,0.8125,0.85,0.85,0.85,0.8375,0.8375,0.825,0.8375,0.8375,0.8375,0.8375,0.8375,0.8375,0.85,0.8375,0.85,0.8625,0.8366619981325863,0.8746078431372549,0.8871568627450982,0.8620541549953314,0.8620541549953314,0.8493090569561158,0.8493090569561158,0.8493090569561158,0.8493090569561158,0.8620541549953314,0.8493090569561158,0.8493090569561158,0.8493090569561158,0.8493090569561158,0.8370541549953314,0.8370541549953314,0.8370541549953314,0.8370541549953314,0.8370541549953314,0.8370541549953314,0.8370541549953314,0.8866573295985061,0.8740102707749766,0.8749019607843138,0.8364612511671335,0.8364612511671335,0.8364612511671335,0.8238141923436041,0.8115592903828197,0.8115592903828197,0.8493090569561158,0.8493090569561158,0.8493090569561158,0.8370541549953314,0.8370541549953314,0.8242063492063492,0.8368580765639588,0.8370541549953314,0.8370541549953314,0.8370541549953314,0.8370541549953314,0.8370541549953314,0.8493090569561158,0.8368580765639588,0.8493090569561158,0.862156862745098
partition,UCI-489,2,1.4,MKL fl=0.25 w=0.0/q|MKL fl=0.00 w=0.1/s|MKL fl=0.00 w=0.0/s|MKL fl=0.50 w=0.2/s|MKL fl=0.50 w=0.5/q,0.8625,0.8625,0.875,0.85,0.85,0.85,0.8375,0.8375,0.8375,0.85,0.85,0.8375,0.8375,0.8375,0.8375,0.8375,0.8375,0.825,0.825,0.825,0.825,0.875,0.85,0.8625,0.825,0.8375,0.8375,0.8125,0.8,0.8,0.85,0.85,0.85,0.85,0.8375,0.8375,0.85,0.8375,0.8375,0.8375,0.8375,0.8375,0.85,0.8375,0.85,0.8625,0.8619561157796453,0.8619561157796453,0.8743090569561158,0.8491129785247432,0.8491129785247432,0.8491129785247432,0.8367600373482726,0.8367600373482726,0.8367600373482726,0.8491129785247432,0.8491129785247432,0.8367600373482726,0.8367600373482726,0.8367600373482726,0.8367600373482726,0.8367600373482726,0.8367600373482726,0.8240149393090569,0.8240149393090569,0.8240149393090569,0.8240149393090569,0.8746078431372549,0.8491129785247432,0.8622549019607844,0.8236134453781514,0.8367600373482726,0.8367600373482726,0.8107656395891691,0.7984126984126985,0.7984126984126985,0.8491129785247432,0.8491129785247432,0.8491129785247432,0.8491129785247432,0.8367600373482726,0.8367600373482726,0.8491129785247432,0.8367600373482726,0.8367600373482726,0.8367600373482726,0.8367600373482726,0.8367600373482726,0.8491129785247432,0.8367600373482726,0.8491129785247432,0.8622549019607844
partition,UCI-489,3,1.4,MKL fl=0.25 w=0.0/s|MKL fl=0.00 w=0.0/s|MKL fl=0.25 w=0.5/s|MKL fl=0.25 w=0.5/q|MKL fl=0.25 w=0.0/q,0.8375,0.85,0.8625,0.8625,0.8625,0.8625,0.8625,0.8625,0.85,0.8625,0.8625,0.8625,0.85,0.85,0.85,0.85,0.8375,0.85,0.85,0.825,0.825,0.875,0.825,0.8625,0.85,0.8375,0.8375,0.8375,0.8375,0.8375,0.825,0.8125,0.8125,0.8125,0.825,0.825,0.825,0.825,0.825,0.825,0.825,0.825,0.8625,0.8125,0.8375,0.8375,0.8361624649859944,0.8488095238095237,0.8612605042016807,0.8616573295985062,0.8616573295985062,0.8616573295985062,0.8616573295985062,0.8616573295985062,0.8490102707749767,0.8616573295985062,0.8616573295985062,0.8616573295985062,0.8490102707749767,0.8490102707749767,0.8490102707749767,0.8490102707749767,0.8363632119514472,0.8490102707749767,0.8490102707749767,0.823515406162465,0.823515406162465,0.8733885051996507,0.8234865444153371,0.8609375248074939,0.8490102707749767,0.8350265936334047,0.8350265936334047,0.8350265936334047,0.8350265936334047,0.8350265936334047,0.8221787878444224,0.8095317290208932,0.8095317290208932,0.8095317290208932,0.823515406162465,0.823515406162465,0.823515406162465,0.823515406162465,0.823515406162465,0.823515406162465,0.823515406162465,0.823515406162465,0.8616573295985062,0.8095317290208932,0.8350265936334047,0.8353399524452156
partition,UCI-489,4,1.4,MKL fl=0.00 w=0.0/s|MKL fl=0.00 w=0.0/q|MKL fl=0.25 w=0.0/s|MKL fl=0.00 w=0.0/s|MKL fl=0.00 w=0.0/s,0.85,0.8375,0.85,0.85,0.85,0.8375,0.8375,0.8375,0.8375,0.85,0.8375,0.8375,0.8375,0.825,0.8125,0.825,0.825,0.8125,0.8125,0.8125,0.8125,0.8375,0.8125,0.825,0.85,0.85,0.85,0.8375,0.8375,0.8375,0.85,0.8375,0.8375,0.8375,0.8375,0.8375,0.825,0.8125,0.8125,0.8125,0.8125,0.8125,0.85,0.85,0.85,0.8375,0.8488095238095237,0.8362605042016806,0.8488095238095237,0.8483885051996507,0.8483885051996507,0.8358394855918077,0.8358394855918077,0.8358394855918077,0.8358394855918077,0.8483885051996507,0.8358394855918077,0.8358394855918077,0.8358394855918077,0.8239122315592905,0.811265172735761,0.8231924267682782,0.8231924267682782,0.811265172735761,0.811265172735761,0.811265172735761,0.811265172735761,0.8353399524452156,0.8111624649859944,0.8234126984126984,0.8483885051996507,0.8483885051996507,0.8483885051996507,0.8358394855918077,0.8358394855918077,0.8358394855918077,0.8483885051996507,0.8358394855918077,0.8358394855918077,0.8358394855918077,0.8358394855918077,0.8358394855918077,0.8231924267682782,0.811265172735761,0.811265172735761,0.811265172735761,0.811265172735761,0.811265172735761,0.8483885051996507,0.8483885051996507,0.8483885051996507,0.8353399524452156
partition,UCI-489,5,1.4,MKL fl=0.00 w=0.0/s|MKL fl=0.00 w=0.0/q|MKL fl=0.25 w=0.1/s|MKL fl=0.00 w=0.0/s|MKL fl=0.50 w=0.0/q,0.8625,0.85,0.8625,0.85,0.85,0.8375,0.825,0.825,0.825,0.8375,0.8375,0.8375,0.8375,0.825,0.8375,0.825,0.825,0.825,0.825,0.8375,0.8375,0.85,0.8625,0.85,0.8125,0.8125,0.8125,0.8125,0.8125,0.8125,0.8125,0.8125,0.8125,0.8125,0.8125,0.825,0.825,0.825,0.825,0.825,0.825,0.825,0.85,0.825,0.85,0.85,0.8612605042016807,0.8483146591970121,0.8623529411764705,0.8496078431372549,0.8496078431372549,0.8370588235294119,0.8244117647058824,0.8244117647058824,0.8244117647058824,0.8373529411764705,0.8373529411764705,0.8373529411764705,0.8373529411764705,0.8248039215686275,0.8372549019607843,0.8245098039215686,0.8245098039215686,0.8245098039215686,0.8245098039215686,0.8369607843137254,0.8369607843137254,0.8484126984126984,0.8608636788048554,0.8492110177404296,0.812156862745098,0.812156862745098,0.812156862745098,0.812156862745098,0.812156862745098,0.812156862745098,0.812156862745098,0.812156862745098,0.812156862745098,0.812156862745098,0.812156862745098,0.8248039215686275,0.8247058823529411,0.8247058823529411,0.8248039215686275,0.8248039215686275,0.8248039215686275,0.8248039215686275,0.8496078431372549,0.8247058823529411,0.8496078431372549,0.8488095238095237
partition,UCI-489,6,1.4,MKL fl=0.50 w=0.2/q|MKL fl=0.00 w=0.0/s|MKL fl=0.25 w=0.0/s|MKL fl=0.00 w=0.0/s|MKL fl=0.50 w=0.0/q,0.825,0.825,0.8375,0.825,0.8125,0.8125,0.8125,0.8125,0.8125,0.8375,0.8375,0.8375,0.825,0.825,0.825,0.8125,0.8125,0.8125,0.8125,0.825,0.8125,0.8375,0.8625,0.8375,0.8125,0.8125,0.8125,0.8125,0.825,0.8375,0.8125,0.8125,0.8125,0.8125,0.825,0.825,0.8125,0.8125,0.8125,0.8125,0.8125,0.825,0.825,0.8125,0.825,0.8375,0.82025125029769,0.82025125029769,0.8337208216619981,0.8231877582341978,0.8097181868698897,0.8097181868698897,0.8097181868698897,0.8097181868698897,0.8097181868698897,0.8354426601949821,0.8354426601949821,0.8354426601949821,0.821973088830674,0.821973088830674,0.821973088830674,0.8075061522584743,0.8075061522584743,0.8075061522584743,0.8075061522584743,0.821973088830674,0.8097181868698897,0.8359375248074938,0.8610355640231802,0.8355406994106683,0.8109375248074938,0.8109375248074938,0.8109375248074938,0.8109375248074938,0.8231877582341978,0.8354426601949821,0.8097181868698897,0.8097181868698897,0.8097181868698897,0.8097181868698897,0.8231877582341978,0.8231877582341978,0.8097181868698897,0.8097181868698897,0.8097181868698897,0.8097181868698897,0.8097181868698897,0.8231877582341978,0.821973088830674,0.8109375248074938,0.821973088830674,0.8359375248074938
partition,UCI-489,7,1.3,MKL fl=0.00 w=0.0/s|MKL fl=0.00 w=0.0/s|MKL fl=0.00 w=0.0/q|MKL fl=0.50 w=0.0/q|MKL fl=0.00 w=0.0/q,0.85,0.875,0.875,0.85,0.8375,0.8375,0.8375,0.8375,0.8375,0.8375,0.8375,0.8375,0.8375,0.8375,0.8375,0.8375,0.8375,0.8375,0.8375,0.85,0.85,0.85,0.875,0.875,0.85,0.8375,0.825,0.825,0.825,0.825,0.8375,0.8375,0.825,0.825,0.825,0.825,0.8125,0.8125,0.8125,0.825,0.825,0.825,0.8375,0.8375,0.8375,0.8625,0.8490102707749767,0.8739122315592903,0.8739122315592903,0.8491129785247432,0.8367600373482726,0.8367600373482726,0.8367600373482726,0.8367600373482726,0.8367600373482726,0.8367600373482726,0.8367600373482726,0.8367600373482726,0.8367600373482726,0.8367600373482726,0.8367600373482726,0.8367600373482726,0.8367600373482726,0.8367600373482726,0.8367600373482726,0.8490102707749767,0.8490102707749767,0.8486134453781512,0.8740102707749766,0.8731877582341978,0.8481877582341978,0.8355406994106683,0.8232904659839644,0.8232904659839644,0.8232904659839644,0.8232904659839644,0.8355406994106683,0.8355406994106683,0.8232904659839644,0.8232904659839644,0.8232904659839644,0.8232904659839644,0.8104426601949821,0.8104426601949821,0.8104426601949821,0.8232904659839644,0.8232904659839644,0.8232904659839644,0.8367600373482726,0.8355406994106683,0.8367600373482726,0.8613632119514472
partition,UCI-489,8,1.3,MKL fl=0.00 w=0.0/q|MKL fl=0.00 w=0.0/q|MKL fl=0.00 w=0.0/s|MKL fl=0.00 w=0.0/s|MKL fl=0.50 w=0.0/s,0.85,0.8625,0.8625,0.85,0.85,0.8625,0.85,0.85,0.85,0.85,0.85,0.85,0.85,0.85,0.85,0.8375,0.85,0.85,0.85,0.85,0.85,0.8625,0.8375,0.875,0.8375,0.8375,0.8375,0.825,0.8125,0.8125,0.825,0.825,0.825,0.8125,0.8125,0.8125,0.8375,0.8375,0.825,0.825,0.8125,0.8,0.85,0.825,0.85,0.8625,0.849407096171802,0.8620541549953316,0.8620541549953316,0.8493090569561158,0.8493090569561158,0.861956115779645,0.8497058823529411,0.8497058823529411,0.8497058823529411,0.8496031746031747,0.8496031746031747,0.8496031746031747,0.8496031746031747,0.8496031746031747,0.8496031746031747,0.836956115779645,0.8496031746031747,0.8496031746031747,0.8496031746031747,0.8496031746031747,0.8496031746031747,0.862450980392157,0.8361336032388664,0.8748039215686274,0.8358394855918074,0.8358394855918074,0.8361336032388664,0.8242063492063492,0.8115592903828197,0.8115592903828197,0.8246078431372549,0.8246078431372549,0.8246078431372549,0.8122549019607843,0.8122549019607843,0.8122549019607843,0.8368580765639588,0.8368580765639588,0.8246078431372549,0.8246078431372549,0.8119607843137254,0.7996078431372549,0.8493090569561158,0.8242110177404296,0.8493090569561158,0.8620541549953316
partition,UCI-489,9,1.4,MKL fl=0.00 w=0.0/s|MKL fl=0.00 w=0.0/q|MKL fl=0.00 w=0.0/s|MKL fl=0.00 w=0.0/q|MKL fl=0.50 w=0.1/s,0.8375,0.85,0.8875,0.8625,0.8625,0.8625,0.8625,0.85,0.85,0.8625,0.8625,0.85,0.85,0.85,0.85,0.85,0.85,0.85,0.85,0.85,0.85,0.8375,0.8625,0.85,0.8125,0.8125,0.8125,0.825,0.825,0.825,0.8375,0.8375,0.825,0.825,0.825,0.825,0.8375,0.8375,0.85,0.85,0.8375,0.8375,0.85,0.825,0.85,0.8375,0.8347470486170178,0.8478936405871391,0.8867600373482727,0.8617600373482727,0.8617600373482727,0.8617600373482727,0.8617600373482727,0.8491129785247432,0.8491129785247432,0.8617600373482727,0.8617600373482727,0.8491129785247432,0.8491129785247432,0.8491129785247432,0.8491129785247432,0.8491129785247432,0.8491129785247432,0.8491129785247432,0.8491129785247432,0.8491129785247432,0.8491129785247432,0.8359663865546219,0.8607656395891692,0.8486134453781513,0.8117647058823529,0.8117647058823529,0.8117647058823529,0.8240149393090569,0.8240149393090569,0.8240149393090569,0.8367600373482725,0.8367600373482725,0.8240149393090569,0.8240149393090569,0.8240149393090569,0.8240149393090569,0.8367600373482725,0.8367600373482725,0.8491129785247432,0.8491129785247432,0.8367600373482725,0.8367600373482725,0.8491129785247432,0.8240149393090569,0.8491129785247432,0.8359663865546219
partition,UCI-489,10,1.4,MKL fl=0.00 w=0.0/s|MKL fl=0.25 w=0.1/s|MKL fl=0.00 w=0.1/q|MKL fl=0.00 w=0.0/q|MKL fl=0.25 w=0.0/s,0.8625,0.85,0.8625,0.8625,0.8625,0.85,0.85,0.85,0.85,0.85,0.85,0.85,0.85,0.85,0.85,0.85,0.85,0.8625,0.85,0.8625,0.8625,0.8625,0.85,0.8625,0.8375,0.8375,0.8375,0.8375,0.8375,0.8375,0.8375,0.8375,0.8375,0.8375,0.8375,0.8375,0.8375,0.85,0.85,0.8625,0.8625,0.8625,0.8625,0.8375,0.8375,0.8625,0.8613632119514472,0.8490102707749767,0.862156862745098,0.8613632119514472,0.8613632119514472,0.848515406162465,0.848515406162465,0.848515406162465,0.848515406162465,0.848515406162465,0.848515406162465,0.848515406162465,0.848515406162465,0.848515406162465,0.848515406162465,0.848515406162465,0.848515406162465,0.8616619981325864,0.848515406162465,0.8616619981325864,0.8616619981325864,0.862156862745098,0.8498039215686275,0.862156862745098,0.8362651727357608,0.8362651727357608,0.8362651727357608,0.8362651727357608,0.8362651727357608,0.8362651727357608,0.8362651727357608,0.8362651727357608,0.8362651727357608,0.8362651727357608,0.8362651727357608,0.8362651727357608,0.8362651727357608,0.8494117647058823,0.8494117647058823,0.8616619981325864,0.8616619981325864,0.8616619981325864,0.8613632119514472,0.8362651727357608,0.8362651727357608,0.8615592903828198
partition,UCI-489,11,1.4,MKL fl=0.00 w=0.0/s|MKL fl=0.50 w=0.0/s|MKL fl=0.25 w=0.0/q|MKL fl=0.00 w=0.3/q|MKL fl=0.00 w=0.0/s,0.825,0.8375,0.8375,0.825,0.825,0.825,0.825,0.825,0.825,0.825,0.825,0.825,0.825,0.825,0.825,0.825,0.825,0.825,0.825,0.825,0.825,0.8125,0.8625,0.8125,0.8375,0.8375,0.8375,0.8375,0.8375,0.8375,0.8375,0.8375,0.825,0.825,0.8125,0.825,0.825,0.825,0.8125,0.8125,0.8125,0.825,0.825,0.8375,0.8375,0.8375,0.819359560288353,0.8316097937150569,0.8322073660773353,0.8218992428280355,0.8218992428280355,0.8218992428280355,0.8218992428280355,0.8218992428280355,0.8218992428280355,0.8218992428280355,0.8218992428280355,0.8218992428280355,0.8218992428280355,0.8218992428280355,0.8218992428280355,0.8218992428280355,0.8218992428280355,0.8218992428280355,0.8218992428280355,0.8218992428280355,0.8218992428280355,0.8048926237161531,0.8579271708683475,0.8048926237161531,0.8347470486170178,0.8347470486170178,0.8347470486170178,0.8347470486170178,0.8347470486170178,0.8347470486170178,0.8347470486170178,0.8347470486170178,0.8207633714754458,0.8207633714754458,0.8079155656864636,0.8218992428280355,0.8207633714754458,0.8207633714754458,0.8079155656864636,0.8079155656864636,0.8079155656864636,0.8218992428280355,0.8218992428280355,0.8347470486170178,0.8347470486170178,0.8328291316526609
partition,UCI-489,12,1.3,MKL fl=0.00 w=0.0/q|MKL fl=0.50 w=0.3/q|MKL fl=0.00 w=0.0/q|MKL fl=0.00 w=0.0/s|MKL fl=0.00 w=0.3/s,0.8375,0.8375,0.8375,0.8625,0.8625,0.8625,0.8625,0.8625,0.8625,0.825,0.825,0.825,0.8375,0.825,0.8375,0.825,0.825,0.825,0.8125,0.8125,0.825,0.8125,0.85,0.825,0.85,0.8375,0.85,0.85,0.85,0.85,0.8375,0.8375,0.8375,0.8375,0.8375,0.8375,0.825,0.825,0.825,0.825,0.825,0.825,0.85,0.8375,0.8375,0.8375,0.8367600373482726,0.8369561157796452,0.8359375248074938,0.8622549019607844,0.8622549019607844,0.8622549019607844,0.8622549019607844,0.8622549019607844,0.8622549019607844,0.8247058823529411,0.8247058823529411,0.8247058823529411,0.8373529411764705,0.8247058823529411,0.837156862745098,0.8247058823529411,0.8247058823529411,0.8247058823529411,0.8119607843137254,0.8119607843137254,0.8244117647058824,0.8119561157796452,0.8490102707749767,0.8246031746031747,0.8495098039215685,0.836862745098039,0.8496078431372549,0.8496078431372549,0.8496078431372549,0.8496078431372549,0.837156862745098,0.837156862745098,0.837156862745098,0.837156862745098,0.837156862745098,0.837156862745098,0.8247058823529411,0.8247058823529411,0.8247058823529411,0.8247058823529411,0.8247058823529411,0.8247058823529411,0.8498039215686275,0.8370588235294119,0.8370588235294119,0.8365592903828197
partition,UCI-489,13,1.4,MKL fl=0.50 w=0.0/q|MKL fl=0.00 w=0.0/s|MKL fl=0.00 w=0.0/s|MKL fl=0.25 w=0.2/q|MKL fl=0.00 w=0.1/q,0.85,0.85,0.8625,0.825,0.825,0.825,0.825,0.825,0.825,0.825,0.825,0.825,0.825,0.825,0.825,0.8375,0.8375,0.8375,0.8375,0.8375,0.8375,0.875,0.8625,0.825,0.825,0.825,0.8375,0.8375,0.8375,0.8375,0.825,0.825,0.825,0.825,0.8375,0.8375,0.825,0.825,0.825,0.825,0.8375,0.8375,0.8375,0.825,0.825,0.85,0.8477909328373725,0.8477909328373725,0.8609375248074939,0.8213562753036439,0.8213562753036439,0.8213562753036439,0.8213562753036439,0.8213562753036439,0.8213562753036439,0.8213562753036439,0.8213562753036439,0.8213562753036439,0.8213562753036439,0.8213562753036439,0.8213562753036439,0.8353399524452156,0.8353399524452156,0.8353399524452156,0.8353399524452156,0.8353399524452156,0.8353399524452156,0.874407096171802,0.8609375248074939,0.8246031746031747,0.8226928936216862,0.8226928936216862,0.8358394855918074,0.8358394855918074,0.8358394855918074,0.8358394855918074,0.8226928936216862,0.8226928936216862,0.8226928936216862,0.8226928936216862,0.8358394855918074,0.8358394855918074,0.8226928936216862,0.8226928936216862,0.8226928936216862,0.8226928936216862,0.8353399524452156,0.8353399524452156,0.8353399524452156,0.8226928936216862,0.8226928936216862,0.8477909328373725
partition,UCI-489,14,1.4,MKL fl=0.00 w=0.0/s|MKL fl=0.00 w=0.0/s|MKL fl=0.50 w=0.0/s|MKL fl=0.00 w=0.0/s|MKL fl=0.00 w=0.1/q,0.8625,0.85,0.875,0.8625,0.8625,0.85,0.85,0.85,0.85,0.875,0.8625,0.85,0.8625,0.8625,0.8625,0.85,0.85,0.85,0.85,0.85,0.85,0.85,0.8375,0.8625,0.8375,0.8375,0.8375,0.825,0.8125,0.8125,0.8375,0.8375,0.8375,0.8375,0.825,0.825,0.825,0.825,0.825,0.825,0.825,0.825,0.85,0.8375,0.8375,0.8625,0.8620541549953314,0.8496031746031747,0.8749019607843138,0.862156862745098,0.862156862745098,0.8498039215686275,0.8498039215686275,0.8498039215686275,0.8498039215686275,0.8748039215686274,0.862450980392157,0.8496031746031747,0.862450980392157,0.862450980392157,0.862450980392157,0.8496031746031747,0.8496031746031747,0.8496031746031747,0.8496031746031747,0.8496031746031747,0.8496031746031747,0.8485845836310233,0.8369561157796452,0.8620541549953314,0.837156862745098,0.837156862745098,0.837156862745098,0.8244117647058824,0.8117647058823529,0.8117647058823529,0.837156862745098,0.837156862745098,0.837156862745098,0.837156862745098,0.8244117647058824,0.8244117647058824,0.8243090569561158,0.8243090569561158,0.8243090569561158,0.8243090569561158,0.8243090569561158,0.8244117647058824,0.8493090569561158,0.837156862745098,0.8366619981325863,0.8620541549953314
partition,UCI-489,15,1.4,MKL fl=0.00 w=0.0/s|MKL fl=0.00 w=0.1/s|MKL fl=0.00 w=0.0/s|MKL fl=0.00 w=0.0/s|MKL fl=0.50 w=0.4/s,0.85,0.8625,0.875,0.85,0.85,0.85,0.8375,0.8375,0.8375,0.85,0.8375,0.8375,0.8375,0.8375,0.8375,0.8375,0.8375,0.8375,0.8375,0.8375,0.8375,0.8625,0.875,0.8625,0.85,0.8375,0.8375,0.8375,0.8375,0.8375,0.8375,0.825,0.8375,0.8375,0.85,0.8375,0.8375,0.8375,0.8375,0.8375,0.8375,0.825,0.85,0.85,0.85,0.8875,0.8482904659839644,0.8609375248074939,0.8746078431372549,0.8495098039215685,0.8495098039215685,0.8495098039215685,0.836862745098039,0.836862745098039,0.836862745098039,0.8495098039215685,0.836862745098039,0.836862745098039,0.836862745098039,0.836862745098039,0.836862745098039,0.836862745098039,0.836862745098039,0.836862745098039,0.836862745098039,0.836862745098039,0.836862745098039,0.8614612511671336,0.874407096171802,0.860124632849091,0.8495098039215685,0.836862745098039,0.8363632119514472,0.8363632119514472,0.8363632119514472,0.8363632119514472,0.836862745098039,0.8245098039215686,0.836862745098039,0.836862745098039,0.8495098039215685,0.8363632119514472,0.836862745098039,0.836862745098039,0.836862745098039,0.836862745098039,0.836862745098039,0.8240149393090569,0.8495098039215685,0.8495098039215685,0.8495098039215685,0.8872549019607844
partition,UCI-489,16,1.5,MKL fl=0.50 w=0.4/q|MKL fl=0.25 w=0.4/q|MKL fl=0.25 w=0.0/q|MKL fl=0.00 w=0.0/s|MKL fl=0.00 w=0.0/s,0.8625,0.8625,0.875,0.8375,0.825,0.825,0.825,0.825,0.825,0.8375,0.825,0.8375,0.8375,0.825,0.825,0.8375,0.8375,0.8375,0.8375,0.8375,0.8375,0.8625,0.875,0.9,0.825,0.8,0.8,0.8,0.8,0.8,0.8125,0.8125,0.8125,0.8,0.8,0.8,0.8125,0.8125,0.8125,0.8125,0.825,0.8125,0.8375,0.8125,0.825,0.8625,0.8620541549953314,0.8620541549953314,0.8749019607843138,0.8366619981325863,0.8244117647058824,0.8244117647058824,0.8244117647058824,0.8244117647058824,0.8244117647058824,0.8366619981325863,0.8244117647058824,0.8366619981325863,0.8366619981325863,0.8244117647058824,0.8244117647058824,0.8366619981325863,0.8366619981325863,0.8366619981325863,0.8366619981325863,0.8366619981325863,0.8366619981325863,0.8622549019607844,0.8744070961718021,0.8999019607843138,0.8231924267682782,0.7989122315592905,0.7989122315592905,0.7989122315592905,0.7989122315592905,0.7989122315592905,0.811265172735761,0.811265172735761,0.811265172735761,0.7989122315592905,0.7989122315592905,0.7989122315592905,0.811265172735761,0.811265172735761,0.811265172735761,0.811265172735761,0.8244117647058824,0.8120588235294118,0.8366619981325863,0.8108394855918076,0.8243090569561158,0.8622549019607844
seed,PD-252,20,26.2,MKL fl=0.25 w=0.0/q|MKL fl=0.00 w=0.0/q|MKL fl=0.25 w=0.3/q|MKL fl=0.25 w=0.1/q|MKL fl=0.00 w=0.3/q,0.720611299558668,0.7382372250793303,0.7608837582521794,0.753667432614801,0.7563701353175036,0.7513094065725645,0.7483814786446366,0.7486550315497684,0.7513577342524711,0.7385080424554108,0.7465450268081846,0.7382116934748514,0.7463198015829595,0.7569883648831018,0.7569883648831018,0.7462003501477185,0.7432012984644565,0.7382828172301856,0.7489513805303278,0.7543567859357333,0.7494383047014626,0.771410074041653,0.7606959185906554,0.7889274902432797,0.8080834883466462,0.7926988729620309,0.7903408469197943,0.7929724258671628,0.7872706714811979,0.7789373381478645,0.8107861910493488,0.8134177699967173,0.800094831673779,0.8054291133238503,0.7947377539482803,0.792106175000912,0.8026662289820186,0.7949739212897108,0.7899131925447714,0.7842114381588066,0.7868430171061751,0.770817376080534,0.7479656782288361,0.7997501550133129,0.7997501550133129,0.7474559579822737,0.715974839263777,0.7489628556180566,0.7396275435098965,0.7427137615961146,0.7466888135711665,0.7435649644473173,0.7449336803547331,0.7494052000630949,0.753739157486297,0.7232419684474479,0.7350874477933301,0.7286674893733718,0.740505196533247,0.7562297614666036,0.7562297614666036,0.7307653228705859,0.7319780219780219,0.7286563158487723,0.7439110301746942,0.7521043074856185,0.7502668921644386,0.7544572645146017,0.7594668973401112,0.7705251015930701,0.7875650194473723,0.775349123968319,0.7767834662325692,0.7807145877426381,0.7783931974212479,0.7715686360177391,0.7915060935939259,0.7954005594883918,0.7867765600799658,0.7947468147748653,0.790138678296573,0.7860401101980049,0.7854857523331779,0.7790657939132195,0.7766579141392557,0.7736213269447738,0.7775524484548427,0.7644006592702246,0.7401810810448582,0.781145061027414,0.781145061027414,0.7463222232814741
seed,PD-252,23,26.2,MKL fl=0.25 w=0.1/q|MKL fl=0.00 w=0.1/q|MKL fl=0.00 w=0.0/q|MKL fl=0.50 w=0.4/s|MKL fl=0.00 w=0.3/q,0.7261480103585367,0.7392940511361565,0.7608837582521794,0.7594175146806726,0.7621202173833754,0.7777072619177882,0.7777072619177882,0.7780519385782544,0.7751240106503264,0.7701799978115769,0.7831354633986213,0.7911013239960608,0.7881022723127986,0.785744246270562,0.770430754641281,0.7775276288434183,0.7881961921435605,0.7775048327679908,0.7828391144180618,0.7727176569281833,0.770430754641281,0.7528841594631068,0.7632563737826895,0.7889274902432797,0.7871393660867346,0.7924736477368057,0.7976656818762082,0.7976656818762082,0.8029999635262793,0.7926760768866032,0.7845077871393661,0.7924025239814714,0.7950341029288398,0.8004395083342452,0.8004395083342452,0.7844138673086042,0.7845789108947004,0.7898420687894373,0.7924736477368056,0.7951052266841742,0.7841403144034724,0.7734489550279023,0.7727176569281833,0.7923314002261371,0.8031422110369479,0.7556579859211439,0.7292901064518172,0.7581216247520596,0.7396275435098965,0.7575573109751192,0.7614983851216728,0.7786867139606866,0.7786867139606866,0.7853866605817826,0.7867993030464426,0.7634322014322015,0.7765985916670849,0.7884450796014717,0.7903733904418836,0.79206883487417,0.7783924711293133,0.7644727295412228,0.7794663379558838,0.7743692536432262,0.7824156521610854,0.7770310480995413,0.7803920991289413,0.7439541394032425,0.7637931912453525,0.7705251015930701,0.7732434212137932,0.7816022028076823,0.789046176046176,0.789046176046176,0.797385851591331,0.7864884156938953,0.7692056344391643,0.7806973470887717,0.7846284685988406,0.7930704084648912,0.7933439244226177,0.7805267557986246,0.7693847265902061,0.7768386524651845,0.7808764392398135,0.7850810767076088,0.7746014878069672,0.7695618435179229,0.776337574906068,0.7809609104100136,0.7984657829553288,0.748297511170725
seed,PD-252,22,26.2,MKL fl=0.50 w=0.1/q|MKL fl=0.00 w=0.0/q|MKL fl=0.25 w=0.0/q|MKL fl=0.00 w=0.0/q|MKL fl=0.50 w=0.3/q,0.7356284422073897,0.7332476200897254,0.7608837582521794,0.7615019878177772,0.7564412590728381,0.7669675748623117,0.7669675748623117,0.7696702775650144,0.7666001021264178,0.7516768793084582,0.7649770215559689,0.7676086005033375,0.7676797242586716,0.7646095488200751,0.7540604369551739,0.7620007659481344,0.7647034686508372,0.7673350475982055,0.7513805303278988,0.7673833752781122,0.7564184629974103,0.758657037604406,0.7529324871430135,0.7889274902432797,0.782446110077689,0.7851488127803917,0.7851488127803917,0.7877803917277603,0.7847102162891637,0.7822810664915929,0.7872104898420689,0.7872104898420689,0.7872104898420689,0.7898420687894373,0.7874129189918665,0.7870454462559727,0.7868658131816028,0.7818762081919977,0.7845077871393661,0.7924736477368055,0.7841403144034723,0.779079585658533,0.7590728380202065,0.7767443556917242,0.7767443556917242,0.7525878104825473,0.7353494630161297,0.7473283923109643,0.7396275435098965,0.7503554826063092,0.7480474210474212,0.7631465632518264,0.7631465632518264,0.7671216152268784,0.7677531941742469,0.7389296285809668,0.7584237424237426,0.7619619040671672,0.7622634083208327,0.7632995902517514,0.7579742444535481,0.7504433930661918,0.7537506727787232,0.757288834422148,0.7442846882846883,0.7679214130821176,0.7574623738834265,0.7463900273900275,0.7531227309040059,0.7705251015930701,0.7657670940459711,0.7699212381720648,0.7699212381720648,0.7734836844836845,0.7754564956496712,0.7767043622363987,0.7733597785652581,0.7733597785652581,0.7733597785652581,0.7770257302312098,0.7787693199747995,0.7840263434528628,0.7672406022686528,0.7654436524436525,0.7691096041096042,0.7816398240919853,0.7749482094003706,0.7722914801646941,0.7506840764629535,0.7629095819376324,0.7629095819376324,0.7484033271846023
seed,PD-252,21,26.2,MKL fl=0.00 w=0.0/q|MKL fl=0.25 w=0.0/q|MKL fl=0.50 w=0.2/q|MKL fl=0.50 w=0.0/q|MKL fl=0.25 w=0.0/q,0.7334245176350439,0.7595260239997083,0.7608837582521794,0.7620007659481345,0.7700377503009083,0.7701690556953715,0.7618357223620382,0.7568461173724332,0.7674435569172411,0.7512610788926578,0.7515346317977897,0.7565014407119671,0.7592041434146698,0.7568461173724332,0.7564786446365395,0.7458556734872523,0.7507513586460954,0.7588594667542037,0.7537987380092643,0.7596199438304703,0.7592524710945765,0.7657083196556881,0.7556351898457161,0.7889274902432797,0.8008069810701389,0.8060701389648758,0.8113332968596125,0.8005708137287085,0.7955100849837693,0.7898083305978043,0.7977368056315426,0.8003683845789109,0.8029999635262793,0.8082631214210162,0.7975717620454462,0.7892384287121128,0.7977368056315426,0.7920350512455776,0.7920350512455776,0.7890359995623153,0.7942991574570523,0.7919411314148157,0.7382116934748513,0.7944642010431484,0.7944642010431484,0.7684110223583908,0.7325960841277827,0.7722296712473353,0.7396275435098965,0.747934167182704,0.7600685186401821,0.7641231943567242,0.7577032359367658,0.7555444285444286,0.7717042198993418,0.7328804089978466,0.7373419899539303,0.7499665696553246,0.7539076438018781,0.7553653363933869,0.7606870255348517,0.7254629313742932,0.7377754108367525,0.7493948024378599,0.7471530827908884,0.7598642392617858,0.7651750423489554,0.751956505732125,0.756299117751279,0.7705251015930701,0.787483475425797,0.7952025711448927,0.8035057767112562,0.7991753867672173,0.7966301073355868,0.7941938736537392,0.7885090967672077,0.7923076315657426,0.7967857849912645,0.8049093281148076,0.8003563521107381,0.7933048478838243,0.7885090967672077,0.7854830701622338,0.7854830701622338,0.7864479657047431,0.7950853226125284,0.7968053232574845,0.7286861304587753,0.7845628422420059,0.7845628422420059,0.7562443014720819
partition,UCI-489,17,1.4,MKL fl=0.00 w=0.0/s|MKL fl=0.00 w=0.0/s|MKL fl=0.00 w=0.0/s|MKL fl=0.00 w=0.1/s|MKL fl=0.25 w=0.0/s,0.825,0.8375,0.875,0.8375,0.8375,0.8375,0.825,0.825,0.825,0.8375,0.8375,0.825,0.825,0.825,0.825,0.825,0.825,0.825,0.825,0.825,0.825,0.8375,0.875,0.8625,0.8375,0.8375,0.825,0.825,0.825,0.825,0.825,0.825,0.825,0.825,0.825,0.825,0.8,0.8125,0.8125,0.8125,0.825,0.8125,0.8375,0.8375,0.8375,0.8125,0.8232166199813259,0.837156862745098,0.8747058823529411,0.8363632119514472,0.8363632119514472,0.8363632119514472,0.8232166199813259,0.8232166199813259,0.8232166199813259,0.8363632119514472,0.8363632119514472,0.8232166199813259,0.8232166199813259,0.8232166199813259,0.8232166199813259,0.8232166199813259,0.8232166199813259,0.8232166199813259,0.8232166199813259,0.8232166199813259,0.8232166199813259,0.8365592903828197,0.8743090569561158,0.8623529411764705,0.8363632119514472,0.8363632119514472,0.8232166199813259,0.8232166199813259,0.8232166199813259,0.8232166199813259,0.8232166199813259,0.8232166199813259,0.8232166199813259,0.8232166199813259,0.8232166199813259,0.8232166199813259,0.7984126984126985,0.8108636788048553,0.8108636788048553,0.8108636788048553,0.8232166199813259,0.811265172735761,0.8363632119514472,0.8363632119514472,0.8363632119514472,0.8108636788048553
partition,UCI-489,18,1.4,MKL fl=0.25 w=0.0/s|MKL fl=0.25 w=0.1/s|MKL fl=0.00 w=0.1/s|MKL fl=0.00 w=0.0/q|MKL fl=0.50 w=0.0/q,0.85,0.85,0.85,0.85,0.85,0.85,0.85,0.85,0.85,0.85,0.85,0.8375,0.8375,0.825,0.8375,0.85,0.8375,0.8375,0.825,0.8375,0.825,0.85,0.85,0.85,0.85,0.85,0.85,0.85,0.825,0.8125,0.8375,0.8375,0.8375,0.825,0.825,0.825,0.825,0.825,0.825,0.825,0.825,0.825,0.8625,0.8375,0.8625,0.85,0.8482166199813259,0.8491129785247432,0.8469972820437217,0.8479178338001867,0.8479178338001867,0.8479178338001867,0.8479178338001867,0.8479178338001867,0.8479178338001867,0.8476190476190476,0.8476190476190476,0.8350700280112043,0.8350700280112043,0.8216004566468962,0.8344482624358787,0.8476190476190476,0.8350700280112043,0.8350700280112043,0.8216004566468962,0.8344482624358787,0.8224968151903136,0.8490102707749767,0.8490102707749767,0.8490102707749767,0.8479178338001867,0.8479178338001867,0.8479178338001867,0.8479178338001867,0.8219972820437217,0.8100700280112045,0.8344482624358787,0.8344482624358787,0.8344482624358787,0.8219972820437217,0.8219972820437217,0.8219972820437217,0.8216004566468962,0.8216004566468962,0.8216004566468962,0.8216004566468962,0.8216004566468962,0.8219972820437217,0.86046685340803,0.8350700280112043,0.86046685340803,0.8490102707749767
partition,UCI-489,19,1.4,MKL fl=0.00 w=0.0/s|MKL fl=0.00 w=0.0/s|MKL fl=0.50 w=0.0/q|MKL fl=0.00 w=0.0/s|MKL fl=0.50 w=0.0/s,0.8625,0.8625,0.8625,0.85,0.85,0.85,0.85,0.85,0.85,0.8375,0.85,0.85,0.85,0.85,0.85,0.8375,0.8375,0.8375,0.8375,0.85,0.85,0.8375,0.8375,0.85,0.825,0.825,0.8125,0.8375,0.8375,0.8375,0.85,0.8375,0.8375,0.825,0.825,0.8375,0.85,0.85,0.85,0.8375,0.825,0.825,0.8375,0.8375,0.8375,0.8625,0.8601438740138431,0.8609375248074939,0.8607414463761213,0.8476928936216861,0.8476928936216861,0.8476928936216861,0.8476928936216861,0.8476928936216861,0.8476928936216861,0.8350458347981566,0.8476928936216861,0.8476928936216861,0.8476928936216861,0.8476928936216861,0.8476928936216861,0.8350458347981566,0.8350458347981566,0.8350458347981566,0.8350458347981566,0.8476928936216861,0.8476928936216861,0.8348305152020323,0.8356676003734828,0.8462745098039216,0.8230943875525918,0.8230943875525918,0.8107414463761213,0.8353399524452156,0.8353399524452156,0.8353399524452156,0.8476928936216861,0.8350458347981566,0.8350458347981566,0.8226928936216862,0.8226928936216862,0.8353399524452156,0.8476928936216861,0.8476928936216861,0.8476928936216861,0.8350458347981566,0.8226928936216862,0.8226928936216862,0.8350458347981566,0.8350458347981566,0.8350458347981566,0.8601438740138431
partition,PD-252,1,27.4,MKL fl=0.25 w=0.5/q|MKL fl=0.00 w=0.0/q|MKL fl=0.25 w=0.0/q|MKL fl=0.00 w=0.4/q|MKL fl=0.00 w=0.4/q,0.6990152095415254,0.7149469307364045,0.7246379983222088,0.743069993069993,0.7503237042710726,0.7479656782288361,0.737203195097932,0.7295108874056243,0.7270817376080535,0.7474185724185725,0.7392876682350366,0.7268081847029215,0.7270817376080535,0.7270817376080535,0.724450158660685,0.7449182988656673,0.7347968413757887,0.7427627019732282,0.7481681073786337,0.7327834919940184,0.7327834919940184,0.7378779589305905,0.7538698617645986,0.7478571689098005,0.7660757923915817,0.7797434073749863,0.7747538023853814,0.7670614946930736,0.7510358536674325,0.7537385563701353,0.7660757923915819,0.7687073713389503,0.7637177663493453,0.7510358536674325,0.7510358536674325,0.7536674326148011,0.7502753765911659,0.7479173505489295,0.7506200532516323,0.7559543349017034,0.7482620272093956,0.7535963088594667,0.7347740453003612,0.7536674326148011,0.7536674326148011,0.7127165627165627,0.6987223263929037,0.7212055694133852,0.7076943601649485,0.7257929453727276,0.7375317857679349,0.7369809106167338,0.7293909699866002,0.7239973311895603,0.723399576242042,0.7286497834907381,0.7269956678027931,0.720735752585516,0.723399576242042,0.723399576242042,0.7190480818905476,0.7318994391979003,0.7244844164844164,0.7360175937951302,0.7423029919039825,0.7265043936946854,0.7265043936946854,0.7175922961137375,0.7482131555420255,0.7262360059681469,0.744163149368444,0.7579997981820136,0.7541373441474789,0.745957118575949,0.734589011733556,0.7381753166897239,0.7445019932281473,0.7486521360203846,0.7468965425162128,0.734589011733556,0.734589011733556,0.7388316506880513,0.7292142697171604,0.7291855984894793,0.73253512844084,0.7401173450913967,0.7319371195198668,0.7395338661635307,0.7300586325586325,0.7388316506880513,0.7388316506880513,0.6929398047166814
partition,PD-252,0,27.6,MKL fl=0.50 w=0.1/q|MKL fl=0.50 w=0.4/s|MKL fl=0.50 w=0.2/q|MKL fl=0.50 w=0.1/q|MKL fl=0.00 w=0.2/q,0.7022276324907903,0.7365913484334536,0.7511781011781012,0.7224222197906409,0.7331619068461175,0.73586460954882,0.7411277674435569,0.7546303388408652,0.756620892147208,0.7247091220775431,0.7300434037276143,0.7434146697304593,0.7513094065725645,0.7592041434146697,0.7408204763467922,0.7247091220775431,0.7299722799722799,0.7484042747200642,0.7486067038698617,0.7565725644673013,0.7399058978006346,0.7721705511179197,0.7673833752781121,0.8038771565087355,0.7823148046832258,0.7823148046832258,0.768920742604953,0.7588704088704089,0.7615019878177774,0.76420469052048,0.7953413940256046,0.7799567786409891,0.7691942955100851,0.76420469052048,0.7668362694678483,0.7695389721705512,0.7799567786409891,0.7768866032023927,0.774528577160156,0.7644782434256119,0.7721705511179195,0.7644071196702775,0.7332932122405806,0.7638600138600138,0.7664915928073823,0.7750756829704197,0.70756368797747,0.7528794799868826,0.73984106175887,0.7075672704311249,0.7224952229101611,0.7262163817804413,0.7344588060228656,0.7588510229738783,0.7630749882415101,0.7062190767610426,0.7133269972063717,0.7321624649859946,0.7435961363374741,0.7563900349504065,0.7441365781794044,0.7062190767610426,0.7134960987050463,0.7346350547473053,0.7404695992157656,0.7530818456147863,0.7392674239056276,0.7687429431100318,0.7718024100173244,0.7883234706881901,0.7620344050475479,0.7620344050475479,0.7529337390895898,0.748839964633509,0.7526116930391533,0.7563328519094334,0.7752552674201715,0.7622489041469809,0.7580075080815881,0.7563328519094334,0.7605374893772288,0.7643443417114304,0.7600982642258514,0.7621024375539284,0.7640661491504318,0.7604329004329005,0.7665521496047811,0.7603406237310827,0.72801238794487,0.7487414677546106,0.752513196160255,0.7784056444273835
partition,PD-252,2,27.7,MKL fl=0.00 w=0.5/q|MKL fl=0.00 w=0.1/q|MKL fl=0.00 w=0.0/q|MKL fl=0.00 w=0.3/s|MKL fl=0.25 w=0.3/q,0.7269987598934968,0.7275458657037605,0.7676988729620309,0.7605646131961921,0.7658988948462633,0.7712331764963343,0.7738647554437028,0.7711620527410001,0.7711620527410001,0.7656253419411313,0.7682569208884998,0.7709596235912025,0.7711620527410001,0.7711620527410001,0.7584801400590875,0.7603621840463946,0.7579330342488236,0.7659700186015975,0.7712331764963343,0.7765674581464055,0.7588248167195536,0.7635408688040266,0.7587536929642191,0.7943328956486851,0.8011708064339643,0.7961812014443593,0.7884888937520517,0.7911204726994201,0.7811412627202101,0.7657566473355948,0.7962523251996937,0.7962523251996937,0.798883904147062,0.7834992887624467,0.7758781048254733,0.7658988948462634,0.7806652806652806,0.7859284385600175,0.783570412517781,0.7862731152204836,0.7709596235912025,0.7632673158988948,0.7738647554437028,0.7889046941678521,0.7812123864755445,0.7534905350694824,0.7360365774576302,0.7464265926603837,0.7574876759212973,0.7568712228712229,0.765204285256917,0.7734102448198558,0.7776978441600866,0.773863662243713,0.773863662243713,0.7599084473602289,0.7633401867919681,0.7680022867057842,0.773863662243713,0.773863662243713,0.7650797604893714,0.7518044567375797,0.7533476188815921,0.7651448539305432,0.772976312919897,0.7816728961351386,0.77053026748088,0.7653264096696593,0.7698698727047074,0.7798160069723203,0.7843998784959704,0.7827367132298639,0.7770141335072842,0.7805579931564071,0.7767238629167006,0.7644384622805676,0.7836349096349097,0.7836349096349097,0.7870666490666491,0.7753077820446241,0.770358119831804,0.7659223018646235,0.765907081249547,0.7741481794906452,0.7762026242552559,0.7801111327776546,0.7680287708182445,0.7620492100441632,0.7776978441600866,0.7829873089296304,0.7766743574111994,0.762106998264893
partition,PD-252,3,27.9,MKL fl=0.00 w=0.0/q|MKL fl=0.00 w=0.5/q|MKL fl=0.25 w=0.5/s|MKL fl=0.50 w=0.0/q|MKL fl=0.00 w=0.3/q,0.7124092716197978,0.7105983513878251,0.7088147864463654,0.732094138673086,0.732094138673086,0.7374284203231571,0.7350703942809206,0.727722763249079,0.7306278951015793,0.755171061750009,0.7528130357077725,0.7350703942809206,0.7197569026516394,0.7250200605463762,0.7176724295145347,0.7451435240908925,0.7534540613487983,0.7510960353065615,0.7410457015720173,0.7206714811977969,0.728779589305905,0.7545108874056242,0.7569774227668965,0.7506200532516323,0.7761635116898276,0.7684712039975198,0.7711739067002225,0.7608500200605464,0.755789291315607,0.7535023890287048,0.7768045373308532,0.7795072400335559,0.7745176350439509,0.7695280300543458,0.7618357223620381,0.7567749936170988,0.7741729583834847,0.7741729583834847,0.766480650691177,0.7614199219462379,0.7563591932012985,0.7513695882116934,0.7456678338257285,0.7717438085859138,0.7607788963052121,0.7547844403107561,0.7175821338082728,0.7247852654637691,0.7013428354225686,0.7246384446022741,0.7245885556126741,0.7322027725505986,0.7323364394737393,0.7307743167082019,0.7391666297092105,0.74338851715803,0.7454042431190484,0.7326929173039012,0.718813027552158,0.7268151539680666,0.7241706257132065,0.7297858228393691,0.7453531680218031,0.7466921774290196,0.7407073475723361,0.7236686454915467,0.7349053233476449,0.7507245035666089,0.7671542061772777,0.7365911049580841,0.7700782523256386,0.7641271583745446,0.7679479760006076,0.7576240893609316,0.7552293183331396,0.7563639323062538,0.7709081707342579,0.7746227463666416,0.77242064098357,0.7695743881373172,0.763538100837872,0.7617059924428345,0.7658642352312144,0.7658642352312144,0.7601416555086347,0.7584393256323917,0.7561451286013526,0.7536951462580753,0.7501418766844574,0.7691594827750434,0.7578664280037278,0.7561826689425823
partition,PD-252,4,27.9,MKL fl=0.25 w=0.0/q|MKL fl=0.50 w=0.4/q|MKL fl=0.50 w=0.0/q|MKL fl=0.25 w=0.4/s|MKL fl=0.00 w=0.0/q,0.6859995623153518,0.7179341284604442,0.7326148010358535,0.7362804099646205,0.7261589524747419,0.7101333114491009,0.7101333114491009,0.7153964693438377,0.7069920122551702,0.7018227741911952,0.6994647481489589,0.7021674508516614,0.693834117518328,0.6990972754130649,0.7069920122551702,0.7014069737753947,0.7017516504358611,0.6884287121129227,0.6884287121129227,0.6964656964656963,0.7097658387132071,0.7310172520698837,0.7102044352044352,0.7617864828391144,0.7545929532771638,0.7463307436991647,0.7413411387095599,0.7439727176569282,0.7362804099646205,0.7182642156326366,0.7415663639347849,0.7359357333041544,0.7359357333041544,0.7229091439617756,0.7205511179195391,0.7308750045592151,0.7489851187219608,0.7356621803990225,0.7279698727067149,0.725540722909144,0.725540722909144,0.7148493635335741,0.6990972754130649,0.7159289856658277,0.7059497756866178,0.6898530109056424,0.6819815137555383,0.7215396253919591,0.7126271514399557,0.7228675032313936,0.7121797810963454,0.6918274194657749,0.6918274194657749,0.6994102089112647,0.692986198882032,0.684317176918482,0.6783317367056183,0.6822402452280171,0.6749530053892898,0.6820780974342903,0.693418234008297,0.6797759367056001,0.6789556386551121,0.6672376445326895,0.6672376445326895,0.6782413544671126,0.697250054259829,0.7219714727174683,0.7053429100279509,0.7507988540793756,0.7420880665057379,0.7357921437921439,0.7334238040222179,0.7373988559972698,0.7313337814390446,0.7085579164558625,0.7277361804519525,0.7252282319473854,0.7252282319473854,0.7109958367853105,0.7099044135270758,0.7159714521280254,0.7281240533717144,0.7194183801977396,0.7126326552014883,0.7115114881648521,0.7115114881648521,0.703219542802876,0.6828152587110918,0.6993337867460674,0.6818434377799703,0.6743352252360195
partition,PD-252,5,27.8,MKL fl=0.00 w=0.5/s|MKL fl=0.00 w=0.1/q|MKL fl=0.00 w=0.2/q|MKL fl=0.00 w=0.2/q|MKL fl=0.25 w=0.1/s,0.7342670605828501,0.7217164532954007,0.7649277820330453,0.7235984972827078,0.7235984972827078,0.7236696210380422,0.7316354816354818,0.7292063318379108,0.7188824451982347,0.7184064631433053,0.7184064631433051,0.7211091658460079,0.7213115949958055,0.7265747528905424,0.7215140241456031,0.7182040339935077,0.7338622022832549,0.7288014735383157,0.7239431739431739,0.7058558558558559,0.703426706058285,0.7721814932341248,0.7702994492468177,0.7826704234598971,0.7932678630047052,0.7932678630047052,0.7805148265674582,0.7755252215778532,0.7755252215778532,0.7808595032279244,0.777954371375424,0.777954371375424,0.7859202319728635,0.7885518109202321,0.7731671955356166,0.7681064667906774,0.7802412736623263,0.777954371375424,0.7755963453331874,0.778227924280556,0.7834910821752927,0.786122661122661,0.716179742495532,0.7884806871648976,0.7502215778531568,0.7601779917569391,0.7396619714209782,0.7295062532473073,0.7520520190024834,0.7205922528621651,0.7207290599859608,0.7213969889805268,0.7333111055737135,0.7348176279593313,0.7213255644672678,0.7161334122596676,0.7143189295681343,0.7188795863027039,0.7238843811368969,0.7311301965293507,0.7250972928729121,0.714264329652224,0.7324042448685972,0.729131407374161,0.7276009752245102,0.7083673103386714,0.7058636279870732,0.7657287978619249,0.7760701461155071,0.762231833703196,0.7773649113859493,0.7773649113859493,0.7696353403088528,0.7674429819425814,0.7674429819425814,0.7757753670827956,0.7664603579677686,0.7664603579677686,0.7787360367138969,0.7825077651195415,0.7695957589031874,0.7667174520248805,0.7638361062016403,0.7666145967032916,0.7693275525220605,0.7729946915552837,0.779752662428512,0.7834715273421315,0.716764907732698,0.7806012924273793,0.7450756007277747,0.7683811914147995
partition,PD-252,6,27.8,MKL fl=0.00 w=0.5/q|MKL fl=0.00 w=0.3/s|MKL fl=0.00 w=0.3/s|MKL fl=0.00 w=0.5/q|MKL fl=0.00 w=0.4/q,0.7280902359849728,0.7368165736586789,0.777456505088084,0.780230331546121,0.780230331546121,0.780230331546121,0.7829330342488237,0.7601296640770325,0.7680955246744721,0.7825883575883577,0.7825883575883577,0.785219936535726,0.7828619104934894,0.7911013239960608,0.7449474778422147,0.7771829521829522,0.7747538023853814,0.7774565050880842,0.7827907867381552,0.7911013239960608,0.7546303388408652,0.7329713316555422,0.7594776963198016,0.7674289674289675,0.7961137250610936,0.7833606886238466,0.7833606886238466,0.785992267571215,0.7752297844403108,0.7752297844403108,0.7780975307291097,0.7780975307291097,0.7807291096764782,0.785992267571215,0.7679049494838969,0.7649058978006347,0.7783938797096692,0.7676313965787651,0.7755972571762045,0.7759419338366706,0.7785735127840392,0.7702401794507058,0.793328044643834,0.7675374767480031,0.7697641973957763,0.7569172411277675,0.7256736460134292,0.7479498735581637,0.7640514592569387,0.7689567099567098,0.7684192115221377,0.7684192115221377,0.7725867841828611,0.7585560495682455,0.7709091184281637,0.7664624742323419,0.7664624742323419,0.7701296132655652,0.7719569146937568,0.7905245849456375,0.7490712049922578,0.7585301401847904,0.7597893994440497,0.7638875515752276,0.7720638069239367,0.7898429480448226,0.7609803880783808,0.714733257794351,0.7651791883739432,0.7482598778756853,0.7820126880457137,0.7727830999847606,0.7727830999847606,0.7773014645031251,0.7717658798746085,0.7717658798746085,0.7649778584218431,0.7649778584218431,0.7693077942586283,0.7763455462963802,0.7592897519997177,0.7609147926969959,0.7591118992637593,0.7540729363237629,0.7656978744078402,0.7707776704776819,0.7752960349960464,0.7690679648206078,0.7824801973199655,0.7648327836184523,0.7573516391445783,0.7608029387345355
partition,PD-252,7,27.6,MKL fl=0.50 w=0.4/q|MKL fl=0.00 w=0.0/q|MKL fl=0.25 w=0.1/q|MKL fl=0.25 w=0.0/q|MKL fl=0.00 w=0.1/q,0.7519878177772914,0.7422821607032133,0.74605810263705,0.7590846919794287,0.7464027792975162,0.7491054820002188,0.7543686398949556,0.7596317977896925,0.762608053397527,0.74605810263705,0.754095086989824,0.7490343582448846,0.7493079111500165,0.7599053506948243,0.7575473246525878,0.7357342159973739,0.7437000765948134,0.7463316555421817,0.7545710690447534,0.7549157457052192,0.7519878177772915,0.7829220921326183,0.7627503009081956,0.7850776890250575,0.7640031732136995,0.7615740234161287,0.7515236896815845,0.7542263923842871,0.7519394900973848,0.7545710690447532,0.7587290732027574,0.7614317759054601,0.7487498632235474,0.7567868475763212,0.7594895502790239,0.7626791771528614,0.7715532333953387,0.7564421709158551,0.7565132946711894,0.7515236896815842,0.7596317977896925,0.7650372031950979,0.7512984644563592,0.722423131633658,0.722423131633658,0.7752297844403107,0.7622945385547703,0.7595143250423064,0.7343654783239735,0.7484536859053318,0.7386096268155756,0.7423307856858558,0.7505885572666874,0.7589648176306439,0.7673645656465666,0.7339645826761056,0.7451704552942123,0.7427688302978391,0.7479194877907934,0.764180442284865,0.7646001406374785,0.7236052193989341,0.7350939896278272,0.7393881911152043,0.7561256684491979,0.7603879842302003,0.7617239217625286,0.7770959563014357,0.7688122849406195,0.7701249398617819,0.7506460363168602,0.7534362831071071,0.7476351841567179,0.7508807981918055,0.7516485882970638,0.7558952965437721,0.7519642606736718,0.7554498891593002,0.7452102999197111,0.7565128608105073,0.7601045281422975,0.7673065299723563,0.7599850301905097,0.7522783941809809,0.7515280523427266,0.7482726285285449,0.7587878690530443,0.7660294020298715,0.7523910086005015,0.7111752331946389,0.7111752331946389,0.770271394897927
partition,PD-252,9,27.5,MKL fl=0.25 w=0.0/q|MKL fl=0.50 w=0.3/q|MKL fl=0.25 w=0.0/q|MKL fl=0.00 w=0.0/q|MKL fl=0.25 w=0.4/q,0.7373864755443703,0.7558184702921545,0.7826485392274867,0.7335895612211402,0.7362211401685086,0.7365658168289747,0.7392685195316775,0.7498659590764853,0.7603922748659592,0.723359594412226,0.7339570339570339,0.7285999562315352,0.7340053616369406,0.7495212824160193,0.7707872852609696,0.7233595944122261,0.7390177627019733,0.7419940183098077,0.7579257395046869,0.7548555640660904,0.7544880913301967,0.762547871758398,0.7524975380238539,0.7849354415143889,0.7897226173541962,0.784661888609257,0.769348396979976,0.7616560892876683,0.7642876682350368,0.7515346317977898,0.7766249042564832,0.779327606959186,0.7615138417769998,0.7588822628296313,0.7538926578400262,0.7518081847029217,0.7792564832038517,0.7792564832038517,0.758811139074297,0.7615138417769998,0.7645612211401687,0.7751586606849765,0.7524975380238539,0.7746115548747128,0.7746115548747128,0.7574871430134588,0.7433693096664165,0.7703498588456393,0.7716005066762095,0.7232139374086921,0.727034755034755,0.7319224536416071,0.7359504530557163,0.7514978789268036,0.7681450530146182,0.7048970734370863,0.7195988049495373,0.7229354962355141,0.7304339863035516,0.748831877551031,0.7807602060261736,0.7040273070691485,0.7219599962835257,0.7318075614214516,0.7570874109595571,0.7586273464994926,0.7639679594767315,0.7623217969883187,0.7553422113565593,0.7696252123514412,0.7660604990885496,0.7641258935749967,0.751438088241758,0.746068422844042,0.7498563970530688,0.740988909752428,0.752212244755978,0.7561531019672479,0.7462777990281497,0.7423466775180808,0.7395688997403029,0.7448519068077368,0.7557757086394858,0.7560002189650049,0.7423976530005941,0.7462777990281497,0.7548268848268849,0.7706852716030799,0.755875211744777,0.7592429500078426,0.7592429500078426,0.7594872688307307
partition,PD-252,8,27.8,MKL fl=0.00 w=0.5/s|MKL fl=0.25 w=0.2/q|MKL fl=0.00 w=0.0/q|MKL fl=0.00 w=0.1/q|MKL fl=0.25 w=0.1/q,0.7255069847175111,0.7157302038880987,0.7294023780865887,0.7506683809315389,0.7506683809315389,0.7485127840390998,0.7511443629864683,0.7591813473392421,0.7568233212970055,0.7486778276251961,0.751511835722362,0.7568461173724331,0.7538470656891709,0.7514890396469345,0.7310436955173798,0.7486778276251961,0.7513094065725645,0.759275267170004,0.7671700040121093,0.7520589415326258,0.7497009154903892,0.7434146697304591,0.7616332932122406,0.7707088667614984,0.7765419265419264,0.7661469161469162,0.7688496188496188,0.7637888901046797,0.7664915928073823,0.7587992851150746,0.7865922602764709,0.7816026552868658,0.7868658131816026,0.7764708027865923,0.77418390049969,0.7560965824123718,0.7761261261261262,0.7734234234234234,0.7761261261261262,0.7815315315315315,0.7818762081919977,0.7587992851150747,0.7541206185943029,0.7584546084546084,0.7716125031914506,0.7413301965933545,0.7309636544664642,0.7305108291302497,0.7145370226235637,0.7467480386796355,0.7467480386796355,0.7534596805576733,0.7574654954902617,0.7696478319956581,0.7717565521745537,0.7431719719037672,0.7522106218875619,0.7603260247398069,0.7614065696368151,0.7628232705921494,0.7461862895713429,0.7431719719037672,0.7468295774561096,0.7588421239899249,0.7707035665283074,0.7639086319788074,0.7643039057461672,0.7352120953393964,0.7564938961077864,0.7506878681772399,0.7582514020503227,0.7491042877923894,0.7534342236291746,0.7516319701930053,0.7552651766312607,0.748118193277446,0.7628317810731188,0.7614485468367904,0.7692577807282162,0.758684101373715,0.7604590503182851,0.7439506206167226,0.7530036107310787,0.7489054585999009,0.7530036107310787,0.7603746352463958,0.7662121125781967,0.7478580633294106,0.7672115983138104,0.742420074708102,0.7623880859041833,0.7403832608125058
partition,PD-252,10,26.0,MKL fl=0.25 w=0.0/q|MKL fl=0.50 w=0.2/q|MKL fl=0.00 w=0.2/q|MKL fl=0.25 w=0.0/q|MKL fl=0.00 w=0.3/q,0.7140469416785207,0.7070330451909399,0.733957033957034,0.7240972754130649,0.7267999781157677,0.7321342597658387,0.7374685414159099,0.7401001203632782,0.7324078126709705,0.7161314148156254,0.7241683991683991,0.7268711018711018,0.7374685414159099,0.7297762337236021,0.7220128022759601,0.7081655542181857,0.7162736623262939,0.7164760914760915,0.7243708283181967,0.7303461356092935,0.7382408724513987,0.7208474669000985,0.7369104934894408,0.7748249261407156,0.7484042747200642,0.7510358536674325,0.748677827625196,0.7409855199328883,0.7436170988802567,0.7283036072509756,0.7748249261407156,0.7664915928073823,0.7513805303278988,0.7540121092752672,0.7359247911879491,0.7386274938906517,0.7830871357187148,0.7780975307291097,0.7730368019841704,0.7499598789072474,0.7442581245212825,0.7522951088740563,0.7293604333078016,0.7613597403071087,0.7613597403071087,0.7108682569208885,0.7143383857905914,0.7196042181997052,0.7144541460222561,0.7216390021356208,0.7258857103823291,0.7335227750720253,0.7414894909349264,0.7451090647045518,0.7367003746291951,0.7097214032180219,0.7212486385397778,0.725687235031006,0.7410270058279723,0.7326183157526156,0.7258586665357708,0.6982406465317859,0.7105104878016271,0.7133259567453294,0.7235176193475713,0.731923741093996,0.7433616494191558,0.704974446652657,0.7326486604977296,0.75567306823788,0.7361540370718453,0.7402953823906142,0.7408808874947778,0.7332880675464267,0.7367200483339386,0.7212355401554783,0.7579661849992106,0.7517601257109596,0.7430015206790153,0.7469765726540673,0.7275966852019484,0.731274357643923,0.7643005149636777,0.7607879188209445,0.7572459045199981,0.7364684380014638,0.7346118573503625,0.7459154483180394,0.7276796011762199,0.7499316601421493,0.7499316601421493,0.6988296835210571
partition,PD-252,11,26.0,MKL fl=0.00 w=0.0/q|MKL fl=0.00 w=0.2/s|MKL fl=0.50 w=0.1/q|MKL fl=0.00 w=0.4/q|MKL fl=0.25 w=0.4/q,0.7079065908013277,0.703048291206186,0.7375104861946967,0.7583606886238465,0.7636949702739176,0.7717319546266914,0.7693739285844549,0.7645867527446476,0.7619551737972791,0.7556579859211439,0.763766094029252,0.7744346573293942,0.7617527446474817,0.76438432359485,0.7645867527446476,0.7530264069737754,0.7610633913265492,0.7614791917423497,0.7617527446474817,0.7513577342524712,0.7515601634022687,0.7428447678447678,0.7489997082102345,0.7658505671663566,0.7558604150709414,0.7608500200605463,0.7661843017106176,0.7688870044133201,0.7611946967210125,0.7692316810737863,0.7555868621658094,0.7555868621658094,0.7555868621658094,0.7686134515081884,0.7716608308713571,0.7769951125214283,0.7630056169529853,0.765708319655688,0.7684110223583908,0.7661241200714884,0.7636949702739175,0.7536446365393734,0.7668134733924208,0.7663265492212861,0.7661241200714884,0.7303652843126528,0.7194513326232119,0.7214946885317275,0.7294023006153797,0.7549905753084737,0.7625265770193306,0.7742254473538304,0.7764247940689833,0.7801339893732241,0.7764680377072726,0.7506728418909959,0.762429270609141,0.7786514011468728,0.7710973539038605,0.7746760302630911,0.7801339893732241,0.7458824779339653,0.7584234556765527,0.7651404889782082,0.7706702153305027,0.7605230818956981,0.7651964919813888,0.7363564373119168,0.7606958525659682,0.7537218163357066,0.7549244507392068,0.7577739601676635,0.765475278396331,0.769450330371383,0.762247749002135,0.7760034538629581,0.7503350927287962,0.7503350927287962,0.7503350927287962,0.7646817666509651,0.7736047238765089,0.7824230872476485,0.7510510493745789,0.754772208244859,0.758747260219911,0.7602638198777102,0.7611698297640321,0.7578665285244233,0.7726940248543123,0.7656222677361579,0.7602072098211001,0.7317739184508586
partition,PD-252,12,26.4,MKL fl=0.50 w=0.2/q|MKL fl=0.25 w=0.5/q|MKL fl=0.25 w=0.0/q|MKL fl=0.00 w=0.5/q|MKL fl=0.00 w=0.5/q,0.7278531568005253,0.7094694897326477,0.7602308786519314,0.7313099536783747,0.733941532625743,0.7419073932231827,0.7473127986285881,0.7469453258926942,0.7446584236057919,0.7313099536783747,0.733941532625743,0.7392758142758142,0.7416110442426231,0.7419557209030894,0.739668818616187,0.7338102272312798,0.7390733851260167,0.7443365430207536,0.7493033519349309,0.7470164496480287,0.739668818616187,0.7693848707006602,0.7452994492468177,0.7781759492285809,0.7938341175183281,0.7881323631323631,0.7907639420797317,0.7830716343874238,0.7857032133347923,0.7860478899952584,0.7801665025349236,0.7751057737899844,0.7777373527373527,0.7754504504504504,0.7780820293978189,0.7834163110478899,0.7699137396505819,0.7725453185979502,0.7648530109056424,0.762494984863406,0.762494984863406,0.7627685377685378,0.728726702410913,0.7702584163110479,0.7702584163110479,0.7527182040339935,0.7378407664036953,0.7219097581797811,0.7479358671611861,0.720822404996318,0.7243605666397428,0.7362120240575237,0.7444927258119097,0.7479775478989048,0.7497778071362349,0.7210110366883822,0.7248986707934076,0.7323885516219611,0.7406125735439236,0.745579107285361,0.7463978537562814,0.7213489400565916,0.728589738379212,0.736015947154353,0.7476170381745504,0.7487733436786821,0.7475589094598563,0.7708149230116706,0.7546966447492764,0.7599707832765337,0.7775120843067114,0.7736155850677464,0.776861199102834,0.7707128969545318,0.7740624269058924,0.7814055939792841,0.7623691713691715,0.760103597136623,0.7633492111717106,0.765874686716792,0.7696732215153268,0.7780560640279235,0.754266111299137,0.7574261944592202,0.7517407407407408,0.7534203845142059,0.7538260952587126,0.7597769124691477,0.7261604273343403,0.7606560648384507,0.7606560648384507,0.7557094144851095
partition,PD-252,13,26.2,MKL fl=0.50 w=0.2/q|MKL fl=0.00 w=0.3/q|MKL fl=0.25 w=0.2/s|MKL fl=0.00 w=0.5/q|MKL fl=0.25 w=0.2/q,0.7235164314111683,0.726837363679469,0.7435687712003503,0.7021793048108836,0.7048108837582522,0.7074424627056206,0.7153371995477258,0.7233741839004997,0.728779589305905,0.6992741729583833,0.7018346281504175,0.7070977860451544,0.7176952255899625,0.725661086187402,0.7286373417952364,0.6989294962979173,0.6938687675529781,0.7017635043950834,0.7122898201845571,0.7229583834846991,0.727996316154211,0.7595114345114344,0.7202438268227742,0.7794698544698545,0.7677736440894336,0.7594403107561003,0.73835394098552,0.7409855199328884,0.7331509647299121,0.7280902359849728,0.7566664842980633,0.7542373345004924,0.749176605755553,0.7414842980632453,0.7337919903709377,0.7280902359849728,0.7566664842980633,0.7412818689134477,0.7518081847029215,0.7441158770106139,0.7390551482656745,0.7417578509683771,0.7207426049531312,0.7312315351789035,0.7255297807929386,0.7438906517853886,0.7271905602185416,0.7397926721418377,0.7240051072344065,0.6974072268127041,0.7010648323650465,0.7048633671635812,0.7166256632343962,0.7280431400711214,0.7355670079986047,0.6903159282526825,0.6940105993705064,0.7016432568979007,0.7171086539279132,0.7286031354044937,0.7367654252159846,0.6865195054814313,0.6830943961615852,0.6941638350609285,0.7100421123529879,0.7257173155623485,0.7377010150343484,0.7476328867358129,0.7254437572523056,0.7569020864882239,0.7554265584011333,0.749361483842908,0.7343475174738184,0.7380051230261608,0.7322006254501218,0.7294402279528821,0.7449306272589855,0.7468432423084127,0.7444236694677872,0.7378973536783134,0.7309382563302,0.7287458979639287,0.7451215113711085,0.732437296792157,0.7488622659590152,0.7423359501695415,0.7391753876199629,0.7433740874708367,0.7239027891939284,0.7268081890577861,0.7244702895144071,0.7475222895591495
partition,PD-252,14,26.2,MKL fl=0.00 w=0.5/q|MKL fl=0.50 w=0.3/q|MKL fl=0.25 w=0.1/q|MKL fl=0.25 w=0.2/q|MKL fl=0.50 w=0.0/q,0.7609092898566583,0.7402277783856731,0.7759118430171063,0.7587163074005179,0.7587163074005179,0.7639794652952547,0.7532169821643506,0.7558485611117189,0.7424544990334464,0.7585138782507204,0.7477513951198161,0.7477513951198161,0.7556461319619214,0.7532169821643506,0.7373937702885072,0.7421435605646132,0.7528121238647554,0.7607068607068607,0.7556461319619214,0.7448836488310173,0.7426569281832439,0.7680544917387023,0.7655314221103694,0.776185395922238,0.7784495021337128,0.7784495021337128,0.7733887733887734,0.7733887733887734,0.7630648867490974,0.7573631323631324,0.7782470729839152,0.7782470729839152,0.7705547652916074,0.7705547652916074,0.7628624575992997,0.7417760878287194,0.7729839150891783,0.7833078017288544,0.7756154940365467,0.7602308786519313,0.7571607032133348,0.7597922821607032,0.7558485611117189,0.7784495021337127,0.7784495021337127,0.7809160374949847,0.763084907180477,0.7542709240210905,0.7531613359532919,0.7536425297698102,0.7536425297698102,0.7613165353468163,0.7542844771665008,0.7580724513755277,0.7482392129863527,0.7478329777761077,0.7423494749984945,0.7423494749984945,0.7530531787021983,0.7540469410209034,0.7452993175277987,0.7285202090465249,0.7442888471177944,0.7557244560677056,0.7533177636610132,0.7473679487440272,0.7527665756701141,0.7589500323052956,0.7671431624100858,0.7590415572296203,0.7657837243363559,0.7657837243363559,0.7644345179871497,0.765262435984592,0.7557294134767852,0.7512781450972105,0.7617891982446776,0.7617891982446776,0.7556259741674423,0.7565286343563317,0.751013153460416,0.7340387872596552,0.7535591047302592,0.7636748090107233,0.75919083399546,0.7474692938112932,0.7465498143054893,0.75012849066472,0.7590229603990387,0.7671844505652654,0.7671844505652654,0.7801783728137174
partition,PD-252,15,26.7,MKL fl=0.50 w=0.0/q|MKL fl=0.00 w=0.5/q|MKL fl=0.00 w=0.4/s|MKL fl=0.25 w=0.5/q|MKL fl=0.00 w=0.0/q,0.7282999598789073,0.7264179158916001,0.7784613560929351,0.7548035890141154,0.7601378706641865,0.7545072400335557,0.7572099427362585,0.7515081883502936,0.7568424700003649,0.7488282817230185,0.7465413794361162,0.749244082138819,0.7488766094029252,0.7515081883502936,0.7568424700003649,0.7442772732246417,0.7496115548747129,0.7362174927964402,0.7518756610861874,0.759841521683627,0.7498623117044169,0.7365138417769996,0.7497310063099537,0.7868548710653973,0.7969052047999416,0.7969052047999416,0.7865101944049313,0.791773352299668,0.7763887369150527,0.7573640442061496,0.7888682204471678,0.7805348871138345,0.7511151840099208,0.7591521683626946,0.751459860670387,0.7540914396177555,0.7562470365101943,0.753615457562826,0.7485547288178866,0.7511863077652552,0.7434940000729473,0.7516021081810556,0.7461739067002224,0.7461967027756502,0.7404949483896852,0.7211292263923841,0.7244984155407386,0.7323789103674644,0.759636393521111,0.7472430795823002,0.7550505694927164,0.7506680654822986,0.7552287222168682,0.7494164426633685,0.7570425935395193,0.7365268172568064,0.7397355276531223,0.7434222500898447,0.7456447142577243,0.7494164426633685,0.757307331127317,0.7325205005643355,0.7399717300172628,0.7286768330914007,0.7470009264490755,0.758558953946247,0.7515670419558024,0.7223008134551664,0.7448689172031676,0.7733726473531473,0.7776162450843325,0.7776162450843325,0.7675595546778503,0.7751731335101626,0.7608083316453607,0.7486048298548298,0.7662654036210912,0.759036345759122,0.7332777793066125,0.7446103066030361,0.7371786009943904,0.7410375733347042,0.7355972094129989,0.731798674614464,0.7292586437548494,0.7330132502468478,0.7259143491479467,0.7378639339165654,0.7404817850816371,0.7297579660737554,0.724452948272934,0.7110096002242671
partition,PD-252,16,26.7,MKL fl=0.25 w=0.1/q|MKL fl=0.00 w=0.0/q|MKL fl=0.00 w=0.1/q|MKL fl=0.00 w=0.1/q|MKL fl=0.00 w=0.0/q,0.7075619141408616,0.7157302038880986,0.730590509537878,0.7452629755261334,0.7479656782288361,0.7506683809315389,0.7483103548893023,0.743249626144363,0.7539893131998394,0.7556579859211439,0.7556579859211439,0.7556579859211439,0.7505972571762045,0.7405469234416604,0.7539181894445052,0.7503948280264069,0.7530264069737754,0.7453340992814678,0.7532288361235728,0.758563117773644,0.7435943028048292,0.7546531349162928,0.754285662180399,0.7667879417879417,0.7716125031914505,0.7639201954991428,0.7665517744465113,0.7588594667542037,0.746248677827625,0.7385563701353174,0.7645612211401686,0.7589305905095378,0.7539409855199328,0.7539409855199328,0.7565725644673014,0.7461775540722909,0.75195043221359,0.7545820111609586,0.751511835722362,0.7514407119670279,0.7514407119670279,0.7463799832220884,0.7589789181894445,0.7689809242440822,0.7689809242440822,0.7384624503045556,0.7084494935084148,0.7256889955094715,0.7217573755257819,0.7284123885550974,0.7319745602681025,0.7356077667063581,0.7382438802774629,0.7362505297404255,0.7512115485831765,0.7376035650256858,0.7376035650256858,0.7376035650256858,0.736010180445027,0.7326368939024087,0.7512718325612688,0.7298134922388575,0.7336664961269801,0.7280374913693967,0.7399046463394929,0.7476879955699858,0.7421863468461183,0.7463375469103973,0.7497062760552085,0.7473747948964518,0.7582444445877059,0.7495494476015697,0.7533374218105966,0.7480164331709073,0.7363124310439627,0.7296461499566289,0.7509574134894331,0.7477786647109188,0.7448335424938654,0.7448335424938654,0.7487211765988906,0.7355295823809822,0.7396406422002494,0.7432751199954317,0.7444191274014148,0.7455243657625953,0.7455243657625953,0.7398495225498547,0.7535834259550539,0.7543568104826807,0.7543568104826807,0.746521106179334
partition,PD-252,17,26.7,MKL fl=0.00 w=0.0/q|MKL fl=0.50 w=0.0/q|MKL fl=0.00 w=0.0/q|MKL fl=0.25 w=0.4/s|MKL fl=0.00 w=0.0/q,0.7223766276397855,0.7202210307473466,0.7539519276361382,0.7278987489513804,0.7306014516540833,0.7278987489513804,0.7172073895758106,0.722612794981216,0.7334837874311558,0.7276251960462488,0.7328883539409856,0.7409964620490935,0.7383420870262976,0.7436052449210344,0.7361864901338586,0.7275540722909144,0.7409253382937593,0.7384961884961886,0.7325692088849983,0.7352719115877011,0.735545464492833,0.72155596892439,0.732771638034796,0.7419301892986103,0.774528577160156,0.7668362694678483,0.7748732538206222,0.7671809461283146,0.7538580078053763,0.7538580078053763,0.7718969982127877,0.7635636648794544,0.7635636648794544,0.7508817521975418,0.7374876901192692,0.7297953824269614,0.7503346463872781,0.7452739176423387,0.7369405843090053,0.7242586716270927,0.7322245322245322,0.7297953824269613,0.7194714957872852,0.7693365430207535,0.7670496407338513,0.7242586716270927,0.7293608157599385,0.7322940104166953,0.7441822706136547,0.7155473811775183,0.7199859776687464,0.7155473811775183,0.71011471665866,0.7174044173182236,0.7370387845238655,0.7099239968418051,0.7177332307332309,0.7301331111035511,0.7361191068685177,0.7437091770520279,0.741464738316908,0.7091318929675093,0.7283785577069158,0.7300740021392024,0.7317126190092942,0.7362732757438639,0.7407943343646339,0.7135400855350384,0.7380251028247725,0.7258047721411053,0.7637086929754334,0.7564457348731798,0.7687739618524745,0.7633803230554346,0.7531645284979696,0.7531645284979696,0.759044110759227,0.7526115529568062,0.7526115529568062,0.7435603171904542,0.7337633927633928,0.7273434343434342,0.731601873274587,0.729510679293288,0.7228516229766975,0.7151532299511751,0.7260054562554563,0.7269567573677905,0.7183169084176336,0.7562775542541861,0.7586458526224844,0.7175151375100904
partition,PD-252,18,26.3,MKL fl=0.00 w=0.1/q|MKL fl=0.50 w=0.4/q|MKL fl=0.50 w=0.3/q|MKL fl=0.50 w=0.3/s|MKL fl=0.00 w=0.0/q,0.7372515227778386,0.7161651530072582,0.7521829521829522,0.7605874092716198,0.7632901119743225,0.7685532698690594,0.7688268227741912,0.7789856658277712,0.7739960608381662,0.7760431484115695,0.7813063063063064,0.7764480067111647,0.781414815625342,0.7713644818907978,0.7687329029434292,0.7736139986139987,0.7765902542218333,0.7792929569245359,0.7737936316883685,0.7790567895831054,0.7713644818907978,0.7384214173687857,0.7466608308713572,0.7769093992778203,0.7761142721669037,0.7761142721669037,0.784009009009009,0.7842114381588067,0.7785808075281759,0.7785808075281759,0.7813774300616406,0.7892721669037458,0.7842114381588066,0.7842114381588066,0.7812123864755444,0.7759492285808076,0.790715614399825,0.788286464602254,0.7755334281650071,0.769831673779042,0.7751659554291134,0.777868658131816,0.7873901229164387,0.7699739212897108,0.7599947113105008,0.7311449100922786,0.7463044794623742,0.7272031632313383,0.7373158380428718,0.7452707381309774,0.7496006739677626,0.7572849790504913,0.7639735141850647,0.7820560367280429,0.7813307585428103,0.7592183528484899,0.7669026579312186,0.7696018071018071,0.7814008931371853,0.7768148391146104,0.7730602326226117,0.7614566727733769,0.770034477164912,0.7745528416832765,0.7773022328548645,0.7844428568633596,0.7778119020058601,0.7302445343217727,0.7464578233001395,0.753874261697743,0.7585964189000747,0.7585964189000747,0.7710484482350154,0.7764683145613016,0.7713971209225204,0.7713971209225204,0.7671179116102489,0.7791399660849428,0.7745279866332498,0.7745279866332498,0.7749887828837475,0.7673463152751159,0.7691134836476291,0.770419128537931,0.7624464757946636,0.75766055098581,0.7661054278081076,0.7696917327642756,0.7912517011451056,0.7583987118769999,0.7552658797967995,0.7300954242956146
partition,PD-252,19,26.4,MKL fl=0.25 w=0.0/q|MKL fl=0.25 w=0.3/q|MKL fl=0.50 w=0.1/q|MKL fl=0.00 w=0.1/q|MKL fl=0.00 w=0.3/q,0.7670906736696211,0.7462067330488382,0.7692690666374877,0.7643277893277893,0.7566354816354817,0.75926706058285,0.7567667870299449,0.7567667870299449,0.7543376372323741,0.7563619287303498,0.758922383922384,0.7615539628697523,0.7615539628697523,0.7488009264325054,0.7490033555823029,0.7456222416748732,0.7483960681329103,0.7536592260276471,0.7485984972827078,0.7591248130721814,0.7303461356092935,0.7604971368129263,0.7512902578692053,0.8000382974067184,0.8104105117263012,0.8104105117263012,0.7923943173943174,0.7847020097020098,0.7823439836597732,0.7772832549148339,0.794752343436554,0.7843573330415435,0.7766650253492358,0.7716042966042966,0.7743069993069993,0.7666146916146916,0.7686991647517963,0.771401867454499,0.7663411387095598,0.7689727176569281,0.7639831126673231,0.7665435678593574,0.7565643578801474,0.7847020097020098,0.7847020097020098,0.7350621876937666,0.7716194964455834,0.7607403707403707,0.7520452817260278,0.7628342501326889,0.7557398952122469,0.7595278694212737,0.7589105242583504,0.7589105242583504,0.7595413104221622,0.7502034039537546,0.7536511539989801,0.7574391282080069,0.7574391282080069,0.7469313200293126,0.7514961703668406,0.734237743007799,0.7389669520651287,0.7464227560214087,0.7435770799249061,0.758658973460878,0.7348198700554824,0.7523452639041857,0.7531514210375061,0.7763953790936455,0.801202437243627,0.801202437243627,0.7837392134531236,0.7765101555911544,0.7785294898965784,0.7761378559259973,0.7818285010763844,0.7711917312862966,0.7640973763658546,0.7621272929144296,0.7661331078470179,0.7600592764071025,0.7526416922703841,0.7564837975335421,0.7544610986143193,0.7582328270199636,0.7561648105126365,0.7599587286874065,0.7553291695704001,0.7775181589881738,0.7775181589881738,0.7348087155278689
