cohort,normalization,gate,partition_seed,method,balanced_accuracy,balanced_accuracy_se,macro_f1,macro_f1_se
UCI-489,standard,auto,0,Adaptive_Subspace_Fusion,0.8625,0.023385358667337132,0.862156862745098,0.023503560144897483
UCI-489,standard,auto,0,Fused_Grassmann_GSMOTE,0.8625,0.023385358667337132,0.862156862745098,0.023503560144897483
UCI-489,standard,auto,0,Euclidean_RBF_GSMOTE,0.8625,0.023385358667337132,0.862156862745098,0.023503560144897483
UCI-489,standard,auto,0,Balanced_LogReg,0.85,0.03186887195995491,0.8482166199813259,0.03234834776736438
UCI-489,standard,auto,0,SMOTE_LogReg,0.85,0.03186887195995491,0.8482166199813259,0.03234834776736438
UCI-489,standard,auto,0,PLS_DA,0.8375,0.0375,0.8366573295985059,0.037271131234735244
UCI-489,standard,auto,0,Balanced_RandomForest,0.8,0.036443449342783124,0.7992110177404295,0.036417784578470114
UCI-489,standard,auto,0,Balanced_LinearSVM,0.775,0.0318688719599549,0.7700840336134455,0.03262315496217814
UCI-489,standard,auto,1,Adaptive_Subspace_Fusion,0.875,0.048412291827592706,0.8746078431372549,0.04860224283362122
UCI-489,standard,auto,1,Fused_Grassmann_GSMOTE,0.875,0.048412291827592706,0.8746078431372549,0.04860224283362122
UCI-489,standard,auto,1,Euclidean_RBF_GSMOTE,0.8375,0.04238956239453292,0.8366619981325863,0.04251271028410349
UCI-489,standard,auto,1,Balanced_LogReg,0.825,0.045927932677184584,0.8239122315592905,0.04640904738208875
UCI-489,standard,auto,1,SMOTE_LogReg,0.825,0.045927932677184584,0.8239122315592905,0.04640904738208875
UCI-489,standard,auto,1,PLS_DA,0.8125,0.052291251658379716,0.8115639589169001,0.05243737900393788
UCI-489,standard,auto,1,Balanced_RandomForest,0.8125,0.02795084971874737,0.8107656395891691,0.027959006765799998
UCI-489,standard,auto,1,Balanced_LinearSVM,0.775,0.05796011559684814,0.7727217553688142,0.058878357097717285
UCI-489,rank,auto,2,Euclidean_RBF_GSMOTE,0.875,0.02795084971874737,0.8746078431372549,0.028060632161053856
UCI-489,rank,auto,2,Adaptive_Subspace_Fusion,0.85,0.024999999999999998,0.8491129785247432,0.02502501492524027
UCI-489,rank,auto,2,Fused_Grassmann_GSMOTE,0.85,0.024999999999999998,0.8491129785247432,0.02502501492524027
UCI-489,rank,auto,2,Balanced_RandomForest,0.8375,0.0318688719599549,0.8367600373482726,0.031773055175965646
UCI-489,rank,auto,2,Balanced_LinearSVM,0.825,0.0637377439199098,0.8234126984126984,0.06459849442896708
UCI-489,rank,auto,2,Balanced_LogReg,0.8125,0.052291251658379716,0.8119607843137254,0.05243805961433811
UCI-489,rank,auto,2,SMOTE_LogReg,0.8125,0.052291251658379716,0.8119607843137254,0.05243805961433811
UCI-489,rank,auto,2,PLS_DA,0.8,0.053764532919016415,0.7978197945845005,0.05487936157938222
UCI-489,rank,auto,1,Euclidean_RBF_GSMOTE,0.8875,0.04145780987944249,0.8866573295985061,0.04210345394556478
UCI-489,rank,auto,1,Adaptive_Subspace_Fusion,0.875,0.04419417382415922,0.8740102707749766,0.04479245916011863
UCI-489,rank,auto,1,Fused_Grassmann_GSMOTE,0.875,0.04419417382415922,0.8740102707749766,0.04479245916011863
UCI-489,rank,auto,1,Balanced_RandomForest,0.8375,0.0318688719599549,0.8367600373482726,0.031773055175965646
UCI-489,rank,auto,1,PLS_DA,0.825,0.045927932677184584,0.8239122315592905,0.0458672304409245
UCI-489,rank,auto,1,Balanced_LogReg,0.7875,0.050775240028974745,0.7861671335200746,0.0511305749107449
UCI-489,rank,auto,1,SMOTE_LogReg,0.7875,0.050775240028974745,0.7861671335200746,0.0511305749107449
UCI-489,rank,auto,1,Balanced_LinearSVM,0.7375,0.0723489806424389,0.7354715219421102,0.07362610748059897
UCI-489,rank,auto,0,PLS_DA,0.8625,0.012499999999999999,0.8615592903828198,0.012456549616279799
UCI-489,rank,auto,0,Balanced_LogReg,0.8375,0.04238956239453292,0.833921568627451,0.04416293971348454
UCI-489,rank,auto,0,SMOTE_LogReg,0.8375,0.04238956239453292,0.833921568627451,0.04416293971348454
UCI-489,rank,auto,0,Euclidean_RBF_GSMOTE,0.8375,0.04238956239453292,0.8334104302989752,0.04449380151130017
UCI-489,rank,auto,0,Adaptive_Subspace_Fusion,0.825,0.036443449342783124,0.8205626245099928,0.03844057341446906
UCI-489,rank,auto,0,Fused_Grassmann_GSMOTE,0.825,0.036443449342783124,0.8205626245099928,0.03844057341446906
UCI-489,rank,auto,0,Balanced_RandomForest,0.8125,0.03423265984407288,0.8115639589168999,0.0342768111939006
UCI-489,rank,auto,0,Balanced_LinearSVM,0.8,0.03061862178478973,0.7976975621557665,0.03045262037087398
UCI-489,standard,auto,2,Adaptive_Subspace_Fusion,0.8625,0.04145780987944249,0.8619561157796453,0.041474042848668825
UCI-489,standard,auto,2,Fused_Grassmann_GSMOTE,0.8625,0.04145780987944249,0.8619561157796453,0.041474042848668825
UCI-489,standard,auto,2,Euclidean_RBF_GSMOTE,0.8625,0.04145780987944249,0.8619561157796453,0.041474042848668825
UCI-489,standard,auto,2,Balanced_LogReg,0.8625,0.045927932677184584,0.8613632119514472,0.04647638015844813
UCI-489,standard,auto,2,SMOTE_LogReg,0.8625,0.045927932677184584,0.8613632119514472,0.04647638015844813
UCI-489,standard,auto,2,Balanced_RandomForest,0.85,0.024999999999999998,0.8491129785247432,0.02502501492524027
UCI-489,standard,auto,2,PLS_DA,0.825,0.023385358667337132,0.8247058823529411,0.02342532123025177
UCI-489,standard,auto,2,Balanced_LinearSVM,0.8,0.04145780987944249,0.7986181139122316,0.041804447270705244
UCI-489,standard,auto,3,Adaptive_Subspace_Fusion,0.85,0.024999999999999998,0.8488095238095237,0.025697317054597053
UCI-489,standard,auto,3,Fused_Grassmann_GSMOTE,0.85,0.024999999999999998,0.8488095238095237,0.025697317054597053
UCI-489,standard,auto,3,Balanced_LogReg,0.85,0.0318688719599549,0.8460737628384688,0.03447036441858426
UCI-489,standard,auto,3,SMOTE_LogReg,0.85,0.0318688719599549,0.8460737628384688,0.03447036441858426
UCI-489,standard,auto,3,Euclidean_RBF_GSMOTE,0.8375,0.024999999999999998,0.8361624649859944,0.025586792573351162
UCI-489,standard,auto,3,Balanced_RandomForest,0.8125,0.04419417382415922,0.811265172735761,0.0446171802054155
UCI-489,standard,auto,3,PLS_DA,0.8,0.036443449342783124,0.7980205415499533,0.03648801995654289
UCI-489,standard,auto,3,Balanced_LinearSVM,0.7625,0.06059599821770411,0.7573034206935135,0.06286470874271603
UCI-489,standard,auto,4,Euclidean_RBF_GSMOTE,0.85,0.046770717334674264,0.8488095238095237,0.04714713250882268
UCI-489,standard,auto,4,Adaptive_Subspace_Fusion,0.8375,0.0375,0.8362605042016806,0.03783759865273961
UCI-489,standard,auto,4,Fused_Grassmann_GSMOTE,0.8375,0.0375,0.8362605042016806,0.03783759865273961
UCI-489,standard,auto,4,PLS_DA,0.8125,0.02795084971874737,0.8103399524452156,0.02842545141340289
UCI-489,standard,auto,4,Balanced_RandomForest,0.8,0.036443449342783124,0.797594854406,0.036809823646451904
UCI-489,standard,auto,4,Balanced_LogReg,0.8,0.023385358667337132,0.7951820728291317,0.025346685277343534
UCI-489,standard,auto,4,SMOTE_LogReg,0.8,0.023385358667337132,0.7951820728291317,0.025346685277343534
UCI-489,standard,auto,4,Balanced_LinearSVM,0.775,0.0318688719599549,0.7692422799079146,0.034150816617517704
UCI-489,rank,auto,3,Euclidean_RBF_GSMOTE,0.875,0.02795084971874737,0.8733885051996507,0.0287610739189366
UCI-489,rank,auto,3,PLS_DA,0.8375,0.024999999999999994,0.835643407160435,0.025430294004706054
UCI-489,rank,auto,3,Adaptive_Subspace_Fusion,0.825,0.023385358667337132,0.8234865444153371,0.023624612027723854
UCI-489,rank,auto,3,Fused_Grassmann_GSMOTE,0.825,0.023385358667337132,0.8234865444153371,0.023624612027723854
UCI-489,rank,auto,3,Balanced_LogReg,0.8,0.012499999999999999,0.7948590934349449,0.015426683318142825
UCI-489,rank,auto,3,SMOTE_LogReg,0.8,0.012499999999999999,0.7948590934349449,0.015426683318142825
UCI-489,rank,auto,3,Balanced_RandomForest,0.7875,0.04238956239453292,0.7844336898052069,0.04368327057463945
UCI-489,rank,auto,3,Balanced_LinearSVM,0.7375,0.06373774391990981,0.7289149154938628,0.0679791739448064
UCI-489,rank,auto,4,Balanced_LogReg,0.85,0.024999999999999998,0.8495098039215685,0.025122728358996423
UCI-489,rank,auto,4,SMOTE_LogReg,0.85,0.024999999999999998,0.8495098039215685,0.025122728358996423
UCI-489,rank,auto,4,PLS_DA,0.8375,0.0318688719599549,0.8363632119514472,0.03243599947628686
UCI-489,rank,auto,4,Euclidean_RBF_GSMOTE,0.8375,0.024999999999999998,0.8353399524452156,0.02507508787419188
UCI-489,rank,auto,4,Balanced_LinearSVM,0.825,0.023385358667337132,0.8230897190185116,0.02341065655057381
UCI-489,rank,auto,4,Adaptive_Subspace_Fusion,0.8125,0.02795084971874737,0.8111624649859944,0.028181816238784685
UCI-489,rank,auto,4,Fused_Grassmann_GSMOTE,0.8125,0.02795084971874737,0.8111624649859944,0.028181816238784685
UCI-489,rank,auto,4,Balanced_RandomForest,0.8,0.036443449342783124,0.797594854406,0.036809823646451904
UCI-489,standard,auto,6,Adaptive_Subspace_Fusion,0.825,0.036443449342783124,0.82025125029769,0.038334001402925394
UCI-489,standard,auto,6,Fused_Grassmann_GSMOTE,0.825,0.036443449342783124,0.82025125029769,0.038334001402925394
UCI-489,standard,auto,6,Euclidean_RBF_GSMOTE,0.825,0.036443449342783124,0.82025125029769,0.038334001402925394
UCI-489,standard,auto,6,Balanced_LogReg,0.8,0.036443449342783124,0.7998039215686275,0.03638483487870086
UCI-489,standard,auto,6,SMOTE_LogReg,0.8,0.036443449342783124,0.7998039215686275,0.03638483487870086
UCI-489,standard,auto,6,Balanced_RandomForest,0.8,0.053764532919016415,0.7940607741072137,0.05545623099147473
UCI-489,standard,auto,6,PLS_DA,0.775,0.050775240028974745,0.7719972820437218,0.050695373717881444
UCI-489,standard,auto,6,Balanced_LinearSVM,0.75,0.04419417382415922,0.7463851370507718,0.04581610214856254
UCI-489,rank,auto,5,Adaptive_Subspace_Fusion,0.8625,0.0637377439199098,0.8608636788048554,0.0648139849911141
UCI-489,rank,auto,5,Fused_Grassmann_GSMOTE,0.8625,0.0637377439199098,0.8608636788048554,0.0648139849911141
UCI-489,rank,auto,5,Balanced_LogReg,0.85,0.04238956239453292,0.8491083099906629,0.042811948162992865
UCI-489,rank,auto,5,SMOTE_LogReg,0.85,0.04238956239453292,0.8491083099906629,0.042811948162992865
UCI-489,rank,auto,5,Balanced_LinearSVM,0.85,0.0318688719599549,0.8490102707749767,0.03250373489767144
UCI-489,rank,auto,5,Euclidean_RBF_GSMOTE,0.85,0.06123724356957944,0.8484126984126984,0.06229210826686283
UCI-489,rank,auto,5,PLS_DA,0.8375,0.04238956239453292,0.8370588235294119,0.04259930840411655
UCI-489,rank,auto,5,Balanced_RandomForest,0.8,0.03061862178478972,0.799313725490196,0.030798828849746142
UCI-489,standard,auto,5,Euclidean_RBF_GSMOTE,0.8625,0.0637377439199098,0.8612605042016807,0.06483379728558997
UCI-489,standard,auto,5,Adaptive_Subspace_Fusion,0.85,0.05796011559684814,0.8483146591970121,0.05903658469225567
UCI-489,standard,auto,5,Fused_Grassmann_GSMOTE,0.85,0.05796011559684814,0.8483146591970121,0.05903658469225567
UCI-489,standard,auto,5,PLS_DA,0.8375,0.0375,0.8348258466679519,0.03967998186857621
UCI-489,standard,auto,5,Balanced_LogReg,0.825,0.04592793267718459,0.823515406162465,0.04630141128860243
UCI-489,standard,auto,5,SMOTE_LogReg,0.825,0.04592793267718459,0.823515406162465,0.04630141128860243
UCI-489,standard,auto,5,Balanced_RandomForest,0.8125,0.03423265984407288,0.8119607843137254,0.034456495702797144
UCI-489,standard,auto,5,Balanced_LinearSVM,0.8,0.04145780987944249,0.7973987759746274,0.041726292999085965
UCI-489,rank,auto,6,Adaptive_Subspace_Fusion,0.8625,0.036443449342783124,0.8610355640231802,0.036883764893222086
UCI-489,rank,auto,6,Fused_Grassmann_GSMOTE,0.8625,0.036443449342783124,0.8610355640231802,0.036883764893222086
UCI-489,rank,auto,6,Euclidean_RBF_GSMOTE,0.8375,0.0318688719599549,0.8359375248074938,0.03215347133506413
UCI-489,rank,auto,6,Balanced_LogReg,0.825,0.03061862178478972,0.8232904659839644,0.03076980833551717
UCI-489,rank,auto,6,SMOTE_LogReg,0.825,0.03061862178478972,0.8232904659839644,0.03076980833551717
UCI-489,rank,auto,6,PLS_DA,0.8125,0.03952847075210474,0.8093260300071445,0.03971157398907069
UCI-489,rank,auto,6,Balanced_RandomForest,0.7875,0.05796011559684814,0.7826167795053245,0.05961409917485372
UCI-489,rank,auto,6,Balanced_LinearSVM,0.7625,0.03061862178478973,0.7595363975549734,0.03202350379793446
UCI-489,rank,auto,7,Adaptive_Subspace_Fusion,0.875,0.01976423537605237,0.8740102707749766,0.019846096518429196
UCI-489,rank,auto,7,Fused_Grassmann_GSMOTE,0.875,0.01976423537605237,0.8740102707749766,0.019846096518429196
UCI-489,rank,auto,7,Balanced_LogReg,0.875,0.01976423537605237,0.8727909328373725,0.02081594392251953
UCI-489,rank,auto,7,SMOTE_LogReg,0.875,0.01976423537605237,0.8727909328373725,0.02081594392251953
UCI-489,rank,auto,7,Euclidean_RBF_GSMOTE,0.85,0.0318688719599549,0.8486134453781512,0.032426741439545194
UCI-489,rank,auto,7,PLS_DA,0.8125,0.02795084971874737,0.8086227824463119,0.02972154822315846
UCI-489,rank,auto,7,Balanced_RandomForest,0.8,0.023385358667337132,0.7951532110820037,0.025122223570420526
UCI-489,rank,auto,7,Balanced_LinearSVM,0.7875,0.046770717334674264,0.7854473287290625,0.04680679216706631
UCI-489,standard,auto,7,Adaptive_Subspace_Fusion,0.875,0.03423265984407288,0.8739122315592903,0.03436885375100973
UCI-489,standard,auto,7,Fused_Grassmann_GSMOTE,0.875,0.03423265984407288,0.8739122315592903,0.03436885375100973
UCI-489,standard,auto,7,Euclidean_RBF_GSMOTE,0.85,0.0318688719599549,0.8490102707749767,0.03172532004103372
UCI-489,standard,auto,7,Balanced_LogReg,0.8375,0.0318688719599549,0.8359663865546217,0.03232004800501593
UCI-489,standard,auto,7,SMOTE_LogReg,0.8375,0.0318688719599549,0.8359663865546217,0.03232004800501593
UCI-489,standard,auto,7,PLS_DA,0.825,0.036443449342783124,0.8217819624475972,0.03834167039849395
UCI-489,standard,auto,7,Balanced_LinearSVM,0.8125,0.04419417382415922,0.8116619981325865,0.044193953346102086
UCI-489,standard,auto,7,Balanced_RandomForest,0.8,0.023385358667337132,0.7951532110820037,0.025122223570420526
UCI-489,standard,auto,8,Adaptive_Subspace_Fusion,0.8625,0.03061862178478972,0.8620541549953316,0.030550478771707898
UCI-489,standard,auto,8,Fused_Grassmann_GSMOTE,0.8625,0.03061862178478972,0.8620541549953316,0.030550478771707898
UCI-489,standard,auto,8,Euclidean_RBF_GSMOTE,0.85,0.0318688719599549,0.849407096171802,0.03180277375354577
UCI-489,standard,auto,8,PLS_DA,0.8375,0.01530931089239486,0.8366619981325865,0.015249642766956987
UCI-489,standard,auto,8,Balanced_RandomForest,0.825,0.023385358667337132,0.8239122315592903,0.024062849950341376
UCI-489,standard,auto,8,Balanced_LogReg,0.825,0.012499999999999999,0.8215762634338486,0.012931959282318542
UCI-489,standard,auto,8,SMOTE_LogReg,0.825,0.012499999999999999,0.8215762634338486,0.012931959282318542
UCI-489,standard,auto,8,Balanced_LinearSVM,0.7875,0.0318688719599549,0.7825187402896382,0.033342429534800745
UCI-489,rank,auto,8,Euclidean_RBF_GSMOTE,0.8625,0.03061862178478972,0.862450980392157,0.030588628076915047
UCI-489,rank,auto,8,PLS_DA,0.85,0.0375,0.8488141923436041,0.03804804751831271
UCI-489,rank,auto,8,Adaptive_Subspace_Fusion,0.8375,0.024999999999999998,0.8361336032388664,0.025376110805696885
UCI-489,rank,auto,8,Fused_Grassmann_GSMOTE,0.8375,0.024999999999999998,0.8361336032388664,0.025376110805696885
UCI-489,rank,auto,8,Balanced_RandomForest,0.8125,0.02795084971874737,0.8115592903828197,0.028401491835912843
UCI-489,rank,auto,8,Balanced_LogReg,0.8125,0.02795084971874737,0.8086227824463119,0.02972154822315846
UCI-489,rank,auto,8,SMOTE_LogReg,0.8125,0.02795084971874737,0.8086227824463119,0.02972154822315846
UCI-489,rank,auto,8,Balanced_LinearSVM,0.7875,0.0318688719599549,0.7849285544177185,0.0336258633640367
UCI-489,rank,auto,9,PLS_DA,0.8625,0.023385358667337132,0.8613632119514472,0.023399937223003448
UCI-489,rank,auto,9,Adaptive_Subspace_Fusion,0.8625,0.041457809879442496,0.8607656395891692,0.04198291401988224
UCI-489,rank,auto,9,Fused_Grassmann_GSMOTE,0.8625,0.041457809879442496,0.8607656395891692,0.04198291401988224
UCI-489,rank,auto,9,Euclidean_RBF_GSMOTE,0.8375,0.0318688719599549,0.8359663865546219,0.03232004800501593
UCI-489,rank,auto,9,Balanced_LogReg,0.8375,0.0318688719599549,0.8334267040149393,0.034135585663251616
UCI-489,rank,auto,9,SMOTE_LogReg,0.8375,0.0318688719599549,0.8334267040149393,0.034135585663251616
UCI-489,rank,auto,9,Balanced_LinearSVM,0.8125,0.04419417382415922,0.8092329428397541,0.046063300020717714
UCI-489,rank,auto,9,Balanced_RandomForest,0.8,0.04145780987944249,0.7986181139122316,0.04180444727070524
UCI-489,standard,auto,9,Adaptive_Subspace_Fusion,0.85,0.024999999999999998,0.8478936405871391,0.025505063024486033
UCI-489,standard,auto,9,Fused_Grassmann_GSMOTE,0.85,0.024999999999999998,0.8478936405871391,0.025505063024486033
UCI-489,standard,auto,9,Euclidean_RBF_GSMOTE,0.8375,0.0318688719599549,0.8347470486170178,0.03257034389980177
UCI-489,standard,auto,9,Balanced_RandomForest,0.825,0.04145780987944249,0.8240149393090569,0.041531279178338
UCI-489,standard,auto,9,Balanced_LogReg,0.825,0.036443449342783124,0.8225756132412478,0.038608947297644206
UCI-489,standard,auto,9,SMOTE_LogReg,0.825,0.036443449342783124,0.8225756132412478,0.038608947297644206
UCI-489,standard,auto,9,PLS_DA,0.8125,0.05590169943749474,0.809732475986346,0.057281762235235366
UCI-489,standard,auto,9,Balanced_LinearSVM,0.7875,0.054486236794258416,0.7846732026143791,0.055613965677186086
UCI-489,standard,auto,10,Euclidean_RBF_GSMOTE,0.8625,0.04592793267718459,0.8613632119514472,0.04647638015844813
UCI-489,standard,auto,10,Adaptive_Subspace_Fusion,0.85,0.050775240028974745,0.8490102707749767,0.051176095809450955
UCI-489,standard,auto,10,Fused_Grassmann_GSMOTE,0.85,0.050775240028974745,0.8490102707749767,0.051176095809450955
UCI-489,standard,auto,10,Balanced_RandomForest,0.825,0.05376453291901641,0.8234173669467786,0.05411742796913404
UCI-489,standard,auto,10,PLS_DA,0.8125,0.04419417382415922,0.8120588235294118,0.04433324227514475
UCI-489,standard,auto,10,Balanced_LogReg,0.8,0.049999999999999996,0.7995098039215686,0.04993892848509205
UCI-489,standard,auto,10,Balanced_LinearSVM,0.8,0.049999999999999996,0.7995098039215686,0.04993892848509205
UCI-489,standard,auto,10,SMOTE_LogReg,0.8,0.049999999999999996,0.7995098039215686,0.04993892848509205
UCI-489,rank,auto,10,Euclidean_RBF_GSMOTE,0.8625,0.04592793267718459,0.862156862745098,0.045988230445243417
UCI-489,rank,auto,10,Adaptive_Subspace_Fusion,0.85,0.050775240028974745,0.8498039215686275,0.0507814746727056
UCI-489,rank,auto,10,Fused_Grassmann_GSMOTE,0.85,0.050775240028974745,0.8498039215686275,0.0507814746727056
UCI-489,rank,auto,10,Balanced_RandomForest,0.8125,0.052291251658379716,0.8111671335200746,0.05267796114621415
UCI-489,rank,auto,10,PLS_DA,0.8125,0.06555055301063448,0.8109663865546219,0.06647509283441279
UCI-489,rank,auto,10,Balanced_LinearSVM,0.8,0.0637377439199098,0.799313725490196,0.06401660504022831
UCI-489,rank,auto,10,Balanced_LogReg,0.7875,0.06434768838116875,0.7869607843137254,0.06460509083964729
UCI-489,rank,auto,10,SMOTE_LogReg,0.7875,0.06434768838116875,0.7869607843137254,0.06460509083964729
UCI-489,rank,auto,11,Adaptive_Subspace_Fusion,0.8625,0.03061862178478972,0.8579271708683475,0.03354066194148953
UCI-489,rank,auto,11,Fused_Grassmann_GSMOTE,0.8625,0.03061862178478972,0.8579271708683475,0.03354066194148953
UCI-489,rank,auto,11,Balanced_LogReg,0.8375,0.024999999999999998,0.8332047312852267,0.026039320978934778
UCI-489,rank,auto,11,SMOTE_LogReg,0.8375,0.024999999999999998,0.8332047312852267,0.026039320978934778
UCI-489,rank,auto,11,PLS_DA,0.8125,0.02795084971874737,0.8074323062558356,0.029901391881033048
UCI-489,rank,auto,11,Euclidean_RBF_GSMOTE,0.8125,0.02795084971874737,0.8048926237161531,0.03128117947247834
UCI-489,rank,auto,11,Balanced_RandomForest,0.775,0.015309310892394864,0.7693595602883528,0.01632998601390777
UCI-489,rank,auto,11,Balanced_LinearSVM,0.725,0.0375,0.7205865342088253,0.03683917648600486
UCI-489,standard,auto,11,Adaptive_Subspace_Fusion,0.8375,0.024999999999999998,0.8316097937150569,0.02781602837869892
UCI-489,standard,auto,11,Fused_Grassmann_GSMOTE,0.8375,0.024999999999999998,0.8316097937150569,0.02781602837869892
UCI-489,standard,auto,11,Euclidean_RBF_GSMOTE,0.825,0.023385358667337132,0.819359560288353,0.025887884915796282
UCI-489,standard,auto,11,PLS_DA,0.8,0.023385358667337132,0.7977217553688142,0.023882344107135835
UCI-489,standard,auto,11,Balanced_RandomForest,0.7875,0.015309310892394864,0.7838264968605525,0.014675357809999174
UCI-489,standard,auto,11,Balanced_LogReg,0.775,0.015309310892394864,0.7668198777486703,0.017399455505705413
UCI-489,standard,auto,11,SMOTE_LogReg,0.775,0.015309310892394864,0.7668198777486703,0.017399455505705413
UCI-489,standard,auto,11,Balanced_LinearSVM,0.75,0.02795084971874737,0.7439511297096437,0.027884433433361975
UCI-489,rank,auto,12,Adaptive_Subspace_Fusion,0.85,0.0318688719599549,0.8490102707749767,0.03172532004103372
UCI-489,rank,auto,12,Fused_Grassmann_GSMOTE,0.85,0.0318688719599549,0.8490102707749767,0.03172532004103372
UCI-489,rank,auto,12,Euclidean_RBF_GSMOTE,0.8125,0.02795084971874737,0.8119561157796452,0.027730833465735353
UCI-489,rank,auto,12,Balanced_RandomForest,0.8,0.023385358667337132,0.7989122315592903,0.023778638359329446
UCI-489,rank,auto,12,PLS_DA,0.775,0.04238956239453292,0.7727217553688142,0.043495769947731695
UCI-489,rank,auto,12,Balanced_LogReg,0.775,0.050775240028974745,0.7709594499068183,0.05135395596325344
UCI-489,rank,auto,12,SMOTE_LogReg,0.775,0.050775240028974745,0.7709594499068183,0.05135395596325344
UCI-489,rank,auto,12,Balanced_LinearSVM,0.75,0.04419417382415922,0.7463851370507717,0.04471153670925816
UCI-489,standard,auto,12,Adaptive_Subspace_Fusion,0.8375,0.024999999999999998,0.8369561157796452,0.02489071468356791
UCI-489,standard,auto,12,Fused_Grassmann_GSMOTE,0.8375,0.024999999999999998,0.8369561157796452,0.02489071468356791
UCI-489,standard,auto,12,Euclidean_RBF_GSMOTE,0.8375,0.0318688719599549,0.8367600373482726,0.031773055175965646
UCI-489,standard,auto,12,Balanced_RandomForest,0.8,0.036443449342783124,0.7975756132412479,0.03821447339618678
UCI-489,standard,auto,12,Balanced_LogReg,0.7875,0.046770717334674264,0.783752650857914,0.04760509371792195
UCI-489,standard,auto,12,SMOTE_LogReg,0.7875,0.046770717334674264,0.783752650857914,0.04760509371792195
UCI-489,standard,auto,12,PLS_DA,0.775,0.04238956239453292,0.7712870978350854,0.04360511610210993
UCI-489,standard,auto,12,Balanced_LinearSVM,0.7375,0.036443449342783124,0.7317250894959874,0.03732790764922372
UCI-489,standard,auto,13,Balanced_LogReg,0.85,0.05796011559684814,0.8493090569561158,0.05807185095007976
UCI-489,standard,auto,13,SMOTE_LogReg,0.85,0.05796011559684814,0.8493090569561158,0.05807185095007976
UCI-489,standard,auto,13,Adaptive_Subspace_Fusion,0.85,0.050775240028974745,0.8477909328373725,0.05141193472769453
UCI-489,standard,auto,13,Fused_Grassmann_GSMOTE,0.85,0.050775240028974745,0.8477909328373725,0.05141193472769453
UCI-489,standard,auto,13,Euclidean_RBF_GSMOTE,0.85,0.050775240028974745,0.8477909328373725,0.05141193472769453
UCI-489,standard,auto,13,Balanced_RandomForest,0.7875,0.054486236794258416,0.7844290212711266,0.055699279633468296
UCI-489,standard,auto,13,Balanced_LinearSVM,0.775,0.046770717334674264,0.7738095238095238,0.04667128931861244
UCI-489,standard,auto,13,PLS_DA,0.775,0.050775240028974745,0.7728197945845006,0.05169131222620325
UCI-489,rank,auto,13,Euclidean_RBF_GSMOTE,0.875,0.04419417382415922,0.874407096171802,0.044230393580339006
UCI-489,rank,auto,13,Adaptive_Subspace_Fusion,0.8625,0.045927932677184584,0.8609375248074939,0.04633709808351314
UCI-489,rank,auto,13,Fused_Grassmann_GSMOTE,0.8625,0.045927932677184584,0.8609375248074939,0.04633709808351314
UCI-489,rank,auto,13,Balanced_LogReg,0.85,0.054486236794258416,0.8488141923436041,0.054976657329598506
UCI-489,rank,auto,13,SMOTE_LogReg,0.85,0.054486236794258416,0.8488141923436041,0.054976657329598506
UCI-489,rank,auto,13,PLS_DA,0.8375,0.05796011559684814,0.8350458347981569,0.05855597381696658
UCI-489,rank,auto,13,Balanced_RandomForest,0.8,0.05376453291901641,0.7967819624475971,0.05515754771682475
UCI-489,rank,auto,13,Balanced_LinearSVM,0.75,0.03952847075210474,0.7491176470588237,0.039761036493884946
UCI-489,rank,auto,14,Euclidean_RBF_GSMOTE,0.85,0.0318688719599549,0.8485845836310233,0.03226354419995132
UCI-489,rank,auto,14,Adaptive_Subspace_Fusion,0.8375,0.024999999999999998,0.8369561157796452,0.02489071468356791
UCI-489,rank,auto,14,Fused_Grassmann_GSMOTE,0.8375,0.024999999999999998,0.8369561157796452,0.02489071468356791
UCI-489,rank,auto,14,PLS_DA,0.8375,0.046770717334674264,0.8368627450980393,0.0469541319124573
UCI-489,rank,auto,14,Balanced_RandomForest,0.8125,0.03952847075210474,0.8118580765639589,0.03956749608809285
UCI-489,rank,auto,14,Balanced_LogReg,0.8,0.049999999999999996,0.7983193277310925,0.05098223901601298
UCI-489,rank,auto,14,SMOTE_LogReg,0.8,0.049999999999999996,0.7983193277310925,0.05098223901601298
UCI-489,rank,auto,14,Balanced_LinearSVM,0.8,0.053764532919016415,0.798216619981326,0.05456028595962151
UCI-489,standard,auto,14,Euclidean_RBF_GSMOTE,0.8625,0.03061862178478972,0.8620541549953314,0.030550478771707898
UCI-489,standard,auto,14,Adaptive_Subspace_Fusion,0.85,0.024999999999999994,0.8496031746031747,0.024903757807512666
UCI-489,standard,auto,14,Fused_Grassmann_GSMOTE,0.85,0.024999999999999994,0.8496031746031747,0.024903757807512666
UCI-489,standard,auto,14,Balanced_RandomForest,0.8375,0.04238956239453292,0.8370588235294119,0.04259930840411655
UCI-489,standard,auto,14,PLS_DA,0.8125,0.04419417382415922,0.8108683473389355,0.04447701025043973
UCI-489,standard,auto,14,Balanced_LogReg,0.8,0.045927932677184584,0.7993090569561158,0.04574699296665146
UCI-489,standard,auto,14,SMOTE_LogReg,0.8,0.045927932677184584,0.7993090569561158,0.04574699296665146
UCI-489,standard,auto,14,Balanced_LinearSVM,0.775,0.04238956239453292,0.7739122315592903,0.04244792735475908
UCI-489,standard,auto,15,PLS_DA,0.875,0.01976423537605237,0.874407096171802,0.01984509300234428
UCI-489,standard,auto,15,Adaptive_Subspace_Fusion,0.8625,0.023385358667337132,0.8609375248074939,0.024179054133714937
UCI-489,standard,auto,15,Fused_Grassmann_GSMOTE,0.8625,0.023385358667337132,0.8609375248074939,0.024179054133714937
UCI-489,standard,auto,15,Balanced_LogReg,0.85,0.04238956239453292,0.8491083099906629,0.042811948162992865
UCI-489,standard,auto,15,SMOTE_LogReg,0.85,0.04238956239453292,0.8491083099906629,0.042811948162992865
UCI-489,standard,auto,15,Euclidean_RBF_GSMOTE,0.85,0.024999999999999998,0.8482904659839644,0.025605668907585803
UCI-489,standard,auto,15,Balanced_RandomForest,0.825,0.03061862178478972,0.8224968151903136,0.0312489120584114
UCI-489,standard,auto,15,Balanced_LinearSVM,0.8125,0.04419417382415922,0.8120588235294118,0.044333242275144756
UCI-489,rank,auto,15,Adaptive_Subspace_Fusion,0.875,0.01976423537605237,0.874407096171802,0.01984509300234428
UCI-489,rank,auto,15,Fused_Grassmann_GSMOTE,0.875,0.01976423537605237,0.874407096171802,0.01984509300234428
UCI-489,rank,auto,15,PLS_DA,0.875,0.01976423537605237,0.874407096171802,0.01984509300234428
UCI-489,rank,auto,15,Euclidean_RBF_GSMOTE,0.8625,0.036443449342783124,0.8614612511671336,0.037058312151433646
UCI-489,rank,auto,15,Balanced_LogReg,0.8625,0.045927932677184584,0.860765639589169,0.04683991590308075
UCI-489,rank,auto,15,SMOTE_LogReg,0.8625,0.045927932677184584,0.860765639589169,0.04683991590308075
UCI-489,rank,auto,15,Balanced_LinearSVM,0.825,0.023385358667337132,0.8239122315592903,0.02300051949718866
UCI-489,rank,auto,15,Balanced_RandomForest,0.8125,0.03423265984407288,0.8105695611577964,0.03491582125532992
UCI-489,standard,auto,16,Adaptive_Subspace_Fusion,0.8625,0.03061862178478972,0.8620541549953314,0.030550478771707898
UCI-489,standard,auto,16,Fused_Grassmann_GSMOTE,0.8625,0.03061862178478972,0.8620541549953314,0.030550478771707898
UCI-489,standard,auto,16,Euclidean_RBF_GSMOTE,0.8625,0.03061862178478972,0.8620541549953314,0.030550478771707898
UCI-489,standard,auto,16,Balanced_LogReg,0.825,0.023385358667337132,0.8243090569561158,0.023214740005854283
UCI-489,standard,auto,16,SMOTE_LogReg,0.825,0.023385358667337132,0.8243090569561158,0.023214740005854283
UCI-489,standard,auto,16,Balanced_RandomForest,0.8,0.03061862178478972,0.799313725490196,0.030798828849746142
UCI-489,standard,auto,16,PLS_DA,0.8,0.03061862178478973,0.7988095238095239,0.030709773672929926
UCI-489,standard,auto,16,Balanced_LinearSVM,0.7875,0.03186887195995491,0.7865639589169,0.03173246400901703
UCI-489,rank,auto,16,Adaptive_Subspace_Fusion,0.875,0.04419417382415922,0.8744070961718021,0.044230393580339006
UCI-489,rank,auto,16,Fused_Grassmann_GSMOTE,0.875,0.04419417382415922,0.8744070961718021,0.044230393580339006
UCI-489,rank,auto,16,Euclidean_RBF_GSMOTE,0.8625,0.036443449342783124,0.8622549019607844,0.03644369660057344
UCI-489,rank,auto,16,Balanced_LogReg,0.8375,0.0318688719599549,0.8367600373482726,0.031773055175965646
UCI-489,rank,auto,16,SMOTE_LogReg,0.8375,0.0318688719599549,0.8367600373482726,0.031773055175965646
UCI-489,rank,auto,16,PLS_DA,0.825,0.023385358667337132,0.8243090569561158,0.023214740005854287
UCI-489,rank,auto,16,Balanced_RandomForest,0.8,0.03061862178478972,0.799313725490196,0.030798828849746142
UCI-489,rank,auto,16,Balanced_LinearSVM,0.8,0.03061862178478973,0.7989169000933707,0.03055663939233545
UCI-489,rank,auto,17,Adaptive_Subspace_Fusion,0.875,0.03423265984407288,0.8743090569561158,0.034368557281860355
UCI-489,rank,auto,17,Fused_Grassmann_GSMOTE,0.875,0.03423265984407288,0.8743090569561158,0.034368557281860355
UCI-489,rank,auto,17,Euclidean_RBF_GSMOTE,0.8375,0.046770717334674264,0.8365592903828197,0.047166233777143754
UCI-489,rank,auto,17,Balanced_LogReg,0.8375,0.05796011559684814,0.8342329428397539,0.059740403608460224
UCI-489,rank,auto,17,SMOTE_LogReg,0.8375,0.05796011559684814,0.8342329428397539,0.059740403608460224
UCI-489,rank,auto,17,Balanced_LinearSVM,0.825,0.036443449342783124,0.8228197945845006,0.0371012559608181
UCI-489,rank,auto,17,PLS_DA,0.8125,0.04419417382415922,0.8096297682365794,0.04565789714705488
UCI-489,rank,auto,17,Balanced_RandomForest,0.8125,0.052291251658379716,0.8091349036240677,0.05390735395774523
UCI-489,standard,auto,17,Balanced_LogReg,0.85,0.024999999999999998,0.8478936405871391,0.025505063024486033
UCI-489,standard,auto,17,SMOTE_LogReg,0.85,0.024999999999999998,0.8478936405871391,0.025505063024486033
UCI-489,standard,auto,17,Adaptive_Subspace_Fusion,0.8375,0.03186887195995491,0.837156862745098,0.031888526522850486
UCI-489,standard,auto,17,Fused_Grassmann_GSMOTE,0.8375,0.03186887195995491,0.837156862745098,0.031888526522850486
UCI-489,standard,auto,17,Euclidean_RBF_GSMOTE,0.825,0.036443449342783124,0.8232166199813259,0.037237349578575135
UCI-489,standard,auto,17,Balanced_RandomForest,0.825,0.053764532919016415,0.8217819624475972,0.055520991881799396
UCI-489,standard,auto,17,PLS_DA,0.8125,0.03952847075210474,0.8079271708683473,0.04105669404340851
UCI-489,standard,auto,17,Balanced_LinearSVM,0.775,0.046770717334674264,0.768015873015873,0.0508264403093263
UCI-489,standard,auto,18,Adaptive_Subspace_Fusion,0.85,0.024999999999999998,0.8491129785247432,0.02502501492524027
UCI-489,standard,auto,18,Fused_Grassmann_GSMOTE,0.85,0.024999999999999998,0.8491129785247432,0.02502501492524027
UCI-489,standard,auto,18,Euclidean_RBF_GSMOTE,0.85,0.0318688719599549,0.8482166199813259,0.03234834776736438
UCI-489,standard,auto,18,Balanced_RandomForest,0.8375,0.046770717334674264,0.836862745098039,0.0469541319124573
UCI-489,standard,auto,18,Balanced_LogReg,0.8125,0.01976423537605237,0.8104426601949821,0.019487194473687734
UCI-489,standard,auto,18,SMOTE_LogReg,0.8125,0.01976423537605237,0.8104426601949821,0.019487194473687734
UCI-489,standard,auto,18,PLS_DA,0.8,0.036443449342783124,0.7971980290091745,0.03660276524349113
UCI-489,standard,auto,18,Balanced_LinearSVM,0.7375,0.036443449342783124,0.7325187402896381,0.037412294980504524
UCI-489,rank,auto,18,Adaptive_Subspace_Fusion,0.85,0.0318688719599549,0.8490102707749767,0.03172532004103372
UCI-489,rank,auto,18,Fused_Grassmann_GSMOTE,0.85,0.0318688719599549,0.8490102707749767,0.03172532004103372
UCI-489,rank,auto,18,Euclidean_RBF_GSMOTE,0.85,0.0318688719599549,0.8490102707749767,0.03172532004103372
UCI-489,rank,auto,18,Balanced_LogReg,0.8375,0.024999999999999994,0.835643407160435,0.025430294004706054
UCI-489,rank,auto,18,SMOTE_LogReg,0.8375,0.024999999999999994,0.835643407160435,0.025430294004706054
UCI-489,rank,auto,18,PLS_DA,0.825,0.049999999999999996,0.8245098039215687,0.05012287861246445
UCI-489,rank,auto,18,Balanced_RandomForest,0.825,0.04145780987944249,0.8244117647058824,0.04165005435850148
UCI-489,rank,auto,18,Balanced_LinearSVM,0.7625,0.023385358667337132,0.7599477955824705,0.02290818508228001
UCI-489,rank,auto,19,PLS_DA,0.8625,0.045927932677184584,0.8613632119514472,0.04647638015844813
UCI-489,rank,auto,19,Balanced_LogReg,0.85,0.046770717334674264,0.8462582360879575,0.048981486345608845
UCI-489,rank,auto,19,SMOTE_LogReg,0.85,0.046770717334674264,0.8462582360879575,0.048981486345608845
UCI-489,rank,auto,19,Adaptive_Subspace_Fusion,0.8375,0.04238956239453292,0.8356676003734828,0.043174344708274894
UCI-489,rank,auto,19,Fused_Grassmann_GSMOTE,0.8375,0.04238956239453292,0.8356676003734828,0.043174344708274894
UCI-489,rank,auto,19,Euclidean_RBF_GSMOTE,0.8375,0.046770717334674264,0.8348305152020323,0.0485987182843178
UCI-489,rank,auto,19,Balanced_RandomForest,0.825,0.053764532919016415,0.822594854406,0.05429113589535488
UCI-489,rank,auto,19,Balanced_LinearSVM,0.775,0.050775240028974745,0.768216619981326,0.054658734463244485
UCI-489,standard,auto,19,Adaptive_Subspace_Fusion,0.8625,0.023385358667337132,0.8609375248074939,0.024179054133714933
UCI-489,standard,auto,19,Fused_Grassmann_GSMOTE,0.8625,0.023385358667337132,0.8609375248074939,0.024179054133714933
UCI-489,standard,auto,19,Euclidean_RBF_GSMOTE,0.8625,0.04592793267718459,0.8601438740138431,0.046816443347267846
UCI-489,standard,auto,19,PLS_DA,0.8375,0.06123724356957944,0.8369561157796452,0.06119270934889861
UCI-489,standard,auto,19,Balanced_LogReg,0.8375,0.06434768838116875,0.8309375248074939,0.06863810553121001
UCI-489,standard,auto,19,SMOTE_LogReg,0.8375,0.06434768838116875,0.8309375248074939,0.06863810553121001
UCI-489,standard,auto,19,Balanced_RandomForest,0.825,0.053764532919016415,0.822594854406,0.05429113589535488
UCI-489,standard,auto,19,Balanced_LinearSVM,0.7625,0.06373774391990981,0.7512605042016808,0.06899460341488477
PD-252,standard,auto,0,PLS_DA,0.7809798665061823,0.023476398931284486,0.7853224845330109,0.020594622855440507
PD-252,standard,auto,0,Subspace_q32,0.7597621913411386,0.02481991076543671,0.7631767465428306,0.022747928960476806
PD-252,standard,auto,0,Subspace_q16,0.7597621913411386,0.02063844334434909,0.762668997491262,0.016336095129077816
PD-252,standard,auto,0,Adaptive_Subspace_Fusion,0.7567631396578764,0.017193330089632707,0.7651244163175919,0.017198125398403055
PD-252,standard,auto,0,Subspace_q8,0.7487261553051026,0.008246453563931999,0.7537627971838499,0.009839795516136564
PD-252,standard,auto,0,Fused_Grassmann_GSMOTE,0.7332476200897254,0.01835371940275946,0.7478901648221289,0.014921559159947823
PD-252,standard,auto,0,Balanced_LogReg,0.7256492322281796,0.015784758263022124,0.7313926417347469,0.012356523249507772
PD-252,standard,auto,0,Euclidean_RBF_GSMOTE,0.7224477513951199,0.02452959501346552,0.7265409816988765,0.021290248702904267
PD-252,standard,auto,0,SMOTE_LogReg,0.7203860743334427,0.014123057367399997,0.7236735460156514,0.009789880356526249
PD-252,standard,auto,0,Balanced_LinearSVM,0.7171134697450487,0.020373719025791687,0.7190064543760195,0.016538977002006534
PD-252,standard,auto,0,Balanced_RandomForest,0.6616360287412919,0.019165553404530432,0.6812923089778573,0.01956073677875609
PD-252,standard,auto,1,PLS_DA,0.774150162308057,0.0455078544671824,0.7753629931948041,0.04271916927914903
PD-252,standard,auto,1,Subspace_q32,0.7679496297917351,0.03167583333931339,0.7721696042502171,0.030293121875822587
PD-252,standard,auto,1,Adaptive_Subspace_Fusion,0.7475042856621804,0.0313033230806136,0.7578361227923468,0.032434069370345715
PD-252,standard,auto,1,Subspace_q8,0.7445280300543458,0.03220444027044392,0.746988826855806,0.029708987966736253
PD-252,standard,auto,1,Subspace_q16,0.7444569062990115,0.023250107753160214,0.7477919293570222,0.022334246141894994
PD-252,standard,auto,1,Fused_Grassmann_GSMOTE,0.7192955100849838,0.06443511749567146,0.7257184811570776,0.06380117248882854
PD-252,standard,auto,1,SMOTE_LogReg,0.7166156034577087,0.037970418937062565,0.7221986959282675,0.03894971394002654
PD-252,standard,auto,1,Balanced_LogReg,0.7160457015720174,0.04105961966659065,0.7207383591334564,0.04161778374012388
PD-252,standard,auto,1,Euclidean_RBF_GSMOTE,0.6957763431447642,0.06037255686744028,0.6823055741521731,0.05202476021794665
PD-252,standard,auto,1,Balanced_LinearSVM,0.6953268045373309,0.03563720836199931,0.7009496490178934,0.038257954819123405
PD-252,standard,auto,1,Balanced_RandomForest,0.6412508662508662,0.044017952834358165,0.6536599417376101,0.058738515870645984
PD-252,rank,auto,0,Subspace_q16,0.799209432104169,0.01461028780285699,0.8046686138740933,0.021688850543551273
PD-252,rank,auto,0,Adaptive_Subspace_Fusion,0.799209432104169,0.02238387762378168,0.80334214285197,0.024092039299676345
PD-252,rank,auto,0,Subspace_q32,0.794219827114564,0.02404935040801639,0.8020362086467514,0.027247706490902187
PD-252,rank,auto,0,Balanced_LogReg,0.7695872998504577,0.023540741718971508,0.7768439833528389,0.029256953507290837
PD-252,rank,auto,0,SMOTE_LogReg,0.7695872998504577,0.022440125517249963,0.7767379139836116,0.028079852840605827
PD-252,rank,auto,0,Euclidean_RBF_GSMOTE,0.766978516978517,0.01224896003818861,0.760161154265085,0.016379344955210547
PD-252,rank,auto,0,Fused_Grassmann_GSMOTE,0.7544279096910675,0.01397921236671069,0.7559877257245678,0.015833064427320912
PD-252,rank,auto,0,Subspace_q8,0.7542966042966043,0.02232422790991576,0.7527519422256266,0.028777295992326625
PD-252,rank,auto,0,Balanced_LinearSVM,0.7541315607105081,0.020995384786312514,0.763044542914549,0.02585794537347505
PD-252,rank,auto,0,PLS_DA,0.7382116934748514,0.021444227981126725,0.7339418599418599,0.02358810853568355
PD-252,rank,auto,0,Balanced_RandomForest,0.6508735456103877,0.01772007599698495,0.6712688674797221,0.020638741190521705
PD-252,rank,auto,1,Subspace_q32,0.7723018565123828,0.0314578058952059,0.7719969778917146,0.02891912316311831
PD-252,rank,auto,1,Adaptive_Subspace_Fusion,0.7672411277674436,0.03635842218697993,0.7701125251971934,0.03529414569021698
PD-252,rank,auto,1,PLS_DA,0.7609922675712151,0.03648030963664566,0.7567104267850755,0.035607837616233845
PD-252,rank,auto,1,Subspace_q16,0.759275267170004,0.038681121452169835,0.7573235867446394,0.03584480433103386
PD-252,rank,auto,1,Fused_Grassmann_GSMOTE,0.7382828172301857,0.04763585138178138,0.7274909774268845,0.042440153527927335
PD-252,rank,auto,1,Euclidean_RBF_GSMOTE,0.7373308531203268,0.04327128922233196,0.7091554722385189,0.03469510499437958
PD-252,rank,auto,1,Subspace_q8,0.7303652843126528,0.03781942590085683,0.7279157213156291,0.033646037332047345
PD-252,rank,auto,1,Balanced_LogReg,0.7084956413903784,0.0423949122366525,0.7131191174669436,0.04152194415129538
PD-252,rank,auto,1,Balanced_LinearSVM,0.7011480103585367,0.03845518205754323,0.7092583867248005,0.03652171329958377
PD-252,rank,auto,1,SMOTE_LogReg,0.7008033336980706,0.04217616259893489,0.7056628056628057,0.040711580961367635
PD-252,rank,auto,1,Balanced_RandomForest,0.6275121275121276,0.026033454448186916,0.6415265127029832,0.03873990542521202
PD-252,rank,auto,2,Subspace_q32,0.8337463982200823,0.031115346765272767,0.8342242063926149,0.026570951445129925
PD-252,rank,auto,2,Subspace_q16,0.8254130648867491,0.030034440214571252,0.8273717621940267,0.026289975363195692
PD-252,rank,auto,2,Adaptive_Subspace_Fusion,0.8117454499033446,0.03712294441261168,0.8099941409872917,0.031106490200739797
PD-252,rank,auto,2,Balanced_LogReg,0.7913229018492176,0.021305350812231387,0.7856500688555483,0.01348251005654933
PD-252,rank,auto,2,SMOTE_LogReg,0.788964875806981,0.019638565965348923,0.7884044260709479,0.0157848239575122
PD-252,rank,auto,2,Subspace_q8,0.7882527264106212,0.030584373144114507,0.7855202396553989,0.024065841561939694
PD-252,rank,auto,2,Balanced_LinearSVM,0.7718632600211548,0.0296536506134313,0.7769177991874787,0.024768834300805787
PD-252,rank,auto,2,PLS_DA,0.7693028048291206,0.019650868647665867,0.77396784655899,0.016972827104071418
PD-252,rank,auto,2,Fused_Grassmann_GSMOTE,0.7687329029434293,0.02713381925140881,0.7741827387811526,0.027036778366395273
PD-252,rank,auto,2,Euclidean_RBF_GSMOTE,0.765827771090929,0.0323834496387475,0.7645899190109716,0.03231430837238172
PD-252,rank,auto,2,Balanced_RandomForest,0.6561367035051245,0.024046032279459003,0.6785775790754455,0.03135749453066773
PD-252,standard,auto,2,PLS_DA,0.800274464748149,0.016134609609360175,0.8067205519786631,0.016158420314404655
PD-252,standard,auto,2,Subspace_q8,0.7738766094029251,0.013614572021960899,0.7710775720912244,0.013470940335887974
PD-252,standard,auto,2,Adaptive_Subspace_Fusion,0.7736513841776999,0.03004172476372087,0.7740952341229065,0.02368128483652525
PD-252,standard,auto,2,Subspace_q32,0.7709486814749973,0.03255391220117428,0.7697070582070583,0.02808556518799094
PD-252,standard,auto,2,Subspace_q16,0.7625442243863296,0.03246001800104119,0.7633710706079126,0.028919199566372334
PD-252,standard,auto,2,SMOTE_LogReg,0.7606849764744501,0.024636930950052687,0.7671790092862409,0.0242635097461592
PD-252,standard,auto,2,Balanced_LogReg,0.7529926687821424,0.019797062866539056,0.7611427219867958,0.021320296012364116
PD-252,standard,auto,2,Euclidean_RBF_GSMOTE,0.7295592150855308,0.02795413506321498,0.7399573466342867,0.028591017260626465
PD-252,standard,auto,2,Balanced_LinearSVM,0.7245814640551481,0.022927879458179815,0.7318426648234093,0.023460832326229503
PD-252,standard,auto,2,Fused_Grassmann_GSMOTE,0.71715085530875,0.028540888977470598,0.7344141238878081,0.02949542930969865
PD-252,standard,auto,2,Balanced_RandomForest,0.6721623445307656,0.018951488568649748,0.7000106915520983,0.022981554977638922
PD-252,rank,auto,3,Adaptive_Subspace_Fusion,0.7902469270890323,0.009058918483217998,0.7920492661911716,0.01618038980192713
PD-252,rank,auto,3,Subspace_q8,0.7842716197979357,0.010894621035921646,0.7827803934751483,0.014074498286637314
PD-252,rank,auto,3,Subspace_q16,0.7822099427362585,0.009217883974985566,0.7793199924570686,0.01509156075385733
PD-252,rank,auto,3,Subspace_q32,0.769160557318452,0.012895275082234717,0.7760996729911653,0.016174580047852005
PD-252,rank,auto,3,Euclidean_RBF_GSMOTE,0.7493079111500165,0.03610012756678181,0.7488670237018584,0.036003148416748745
PD-252,rank,auto,3,Fused_Grassmann_GSMOTE,0.7358910529963161,0.026714384388470253,0.749546637936798,0.028706467249675155
PD-252,rank,auto,3,Balanced_LogReg,0.7351898457161614,0.01733725698959339,0.7428915017610669,0.014474636904823307
PD-252,rank,auto,3,Balanced_LinearSVM,0.7334017215596162,0.015430015972886625,0.7455079024214963,0.016321390207826626
PD-252,rank,auto,3,PLS_DA,0.7332220884852464,0.008612990832800073,0.7299578341683897,0.007343387795016961
PD-252,rank,auto,3,SMOTE_LogReg,0.7250683882262828,0.013206375564941674,0.7377019952485004,0.012548189103256236
PD-252,rank,auto,3,Balanced_RandomForest,0.650660174344385,0.022554697492630515,0.6712386999005907,0.02938606734919768
PD-252,standard,auto,3,PLS_DA,0.7595488200751358,0.029087647665328266,0.761696887062971,0.023281722747008998
PD-252,standard,auto,3,Subspace_q16,0.7499370828318197,0.030323536214928826,0.7555247928635318,0.03255275996733094
PD-252,standard,auto,3,Adaptive_Subspace_Fusion,0.7445316774264142,0.02837298011289525,0.74823865547077,0.031427555792176716
PD-252,standard,auto,3,Subspace_q8,0.7419000984790458,0.03041085825452985,0.7429804964455486,0.031691718751114206
PD-252,standard,auto,3,Balanced_LogReg,0.7359849728270781,0.03019058733089056,0.7422899046127762,0.0354420614422581
PD-252,standard,auto,3,SMOTE_LogReg,0.7336269467848415,0.027082327782037507,0.7425765219973861,0.031501448528573235
PD-252,standard,auto,3,Balanced_LinearSVM,0.7180399022504286,0.03564129620310159,0.724325771730835,0.03982778500248261
PD-252,standard,auto,3,Subspace_q32,0.7112731152204838,0.030831244818550336,0.7158318179204763,0.030336648973576224
PD-252,standard,auto,3,Euclidean_RBF_GSMOTE,0.7049193930772878,0.030257684253587235,0.7141143664864152,0.029136801975498134
PD-252,standard,auto,3,Fused_Grassmann_GSMOTE,0.7002744647481489,0.03902118589476558,0.7105820320030847,0.03946275838565524
PD-252,standard,auto,3,Balanced_RandomForest,0.6597056570740782,0.030095478804499382,0.6819562554997818,0.038920015308688424
PD-252,standard,auto,4,PLS_DA,0.7954982310245468,0.026202783815912248,0.8049993865783339,0.027312463460428957
PD-252,standard,auto,4,Adaptive_Subspace_Fusion,0.7583378925484188,0.01706813266280984,0.7630043792159125,0.014333847799864866
PD-252,standard,auto,4,SMOTE_LogReg,0.7507167086114455,0.01965201366921902,0.7565923348756822,0.018325347932573958
PD-252,standard,auto,4,Subspace_q8,0.7472535288324762,0.010868796370629655,0.7416616608295096,0.005525867280194418
PD-252,standard,auto,4,Balanced_LogReg,0.7453824269613744,0.019197151597112286,0.7485459363578231,0.01748952214855239
PD-252,standard,auto,4,Subspace_q16,0.7452401794507056,0.01817326237849077,0.749142670148724,0.018368747319175847
PD-252,standard,auto,4,Subspace_q32,0.7426086005033373,0.019567033746331057,0.7451171597940999,0.019865963718998007
PD-252,standard,auto,4,Balanced_LinearSVM,0.7223766276397856,0.021798712359628897,0.7285600414078675,0.021551285629898005
PD-252,standard,auto,4,Euclidean_RBF_GSMOTE,0.7180508443666338,0.038478877124418186,0.712322569454806,0.03398193778269151
PD-252,standard,auto,4,Fused_Grassmann_GSMOTE,0.7125998468103731,0.050859955892832986,0.715895377737483,0.05290964237922408
PD-252,standard,auto,4,Balanced_RandomForest,0.6649797570850202,0.042059497083190595,0.6731437942572724,0.0628270399727203
PD-252,rank,auto,4,Subspace_q8,0.7852682642156326,0.010440601112400614,0.7821731691281949,0.011981265747774235
PD-252,rank,auto,4,Adaptive_Subspace_Fusion,0.7751468067257541,0.013279426728253666,0.777761095935009,0.01318447509893875
PD-252,rank,auto,4,Subspace_q16,0.7647517963307436,0.014202415413461815,0.7675479104769236,0.015242082223786433
PD-252,rank,auto,4,Subspace_q32,0.7646806725754095,0.01535578078197294,0.767054449547303,0.015353932631568687
PD-252,rank,auto,4,SMOTE_LogReg,0.7588248167195535,0.02020841532746543,0.7691885132411448,0.02018578009869065
PD-252,rank,auto,4,Balanced_LogReg,0.7561932377721852,0.02050019524635293,0.7652573917310759,0.02092646181219469
PD-252,rank,auto,4,Balanced_LinearSVM,0.7400964729912098,0.03438080796220776,0.7494455271577191,0.03329187468230818
PD-252,rank,auto,4,Fused_Grassmann_GSMOTE,0.7148493635335741,0.042900295175231945,0.7101188625805789,0.03800597316199741
PD-252,rank,auto,4,PLS_DA,0.7148156253419412,0.04108561140919439,0.7239448096217497,0.040384566541956504
PD-252,rank,auto,4,Euclidean_RBF_GSMOTE,0.7125852573220994,0.04084462849951522,0.7016084656084656,0.035153190539418185
PD-252,rank,auto,4,Balanced_RandomForest,0.6599190283400811,0.04054777649507981,0.6686394892309308,0.06120479724662583
PD-252,standard,auto,5,PLS_DA,0.7755854032169822,0.018674840758166247,0.7705560919014708,0.013796604440833804
PD-252,standard,auto,5,Euclidean_RBF_GSMOTE,0.7474477513951199,0.015374782772586327,0.7492817402982015,0.017532440319707052
PD-252,standard,auto,5,Subspace_q32,0.7386274938906517,0.015872414075339045,0.7380127814338342,0.015538044663294628
PD-252,standard,auto,5,Fused_Grassmann_GSMOTE,0.7199283291388555,0.033150647266267784,0.7295641470824312,0.03461171666113798
PD-252,standard,auto,5,Subspace_q8,0.7149204872889083,0.020112683212927803,0.7133087410862775,0.022239735854619
PD-252,standard,auto,5,Adaptive_Subspace_Fusion,0.712349089980669,0.015296042024611439,0.7141883670579323,0.01738346573635555
PD-252,standard,auto,5,Balanced_LogReg,0.707977714556662,0.019024135669729523,0.7193057313903997,0.018348623422889503
PD-252,standard,auto,5,Subspace_q16,0.7075135864609547,0.02245707608865449,0.7055766819944902,0.01924485965175975
PD-252,standard,auto,5,SMOTE_LogReg,0.7026434329065909,0.018710351036273276,0.7113541420440734,0.017345422241740426
PD-252,standard,auto,5,Balanced_LinearSVM,0.6775759565233249,0.027912526907827296,0.6839088604702639,0.025536585782149006
PD-252,standard,auto,5,Balanced_RandomForest,0.6570138964875807,0.017531291381719997,0.6748386718829595,0.020465323114764376
PD-252,rank,auto,5,Subspace_q8,0.7958055221213116,0.023806275110259303,0.7952964340790428,0.03256101393372659
PD-252,rank,auto,5,Subspace_q16,0.7957343983659773,0.029207601444248832,0.794048658204216,0.032281906407041726
PD-252,rank,auto,5,Subspace_q32,0.780848561111719,0.018291316846283365,0.7812770740665478,0.020153276951581867
PD-252,rank,auto,5,Adaptive_Subspace_Fusion,0.7803497829813619,0.01834050716078865,0.7821674455747194,0.025081236970296593
PD-252,rank,auto,5,Balanced_LogReg,0.7650253492358755,0.028600002296068783,0.773394549046723,0.029666346986906064
PD-252,rank,auto,5,Fused_Grassmann_GSMOTE,0.7621913411387096,0.03217833738346579,0.7616481775692303,0.03176671628477893
PD-252,rank,auto,5,SMOTE_LogReg,0.7600357442462706,0.027770624913893583,0.7711424227945969,0.029328522706775842
PD-252,rank,auto,5,Euclidean_RBF_GSMOTE,0.7568570594886384,0.018948236777688313,0.755456731735378,0.022171475286531035
PD-252,rank,auto,5,Balanced_LinearSVM,0.7526397855345224,0.037407930691335314,0.7579701363122415,0.03657746633998823
PD-252,rank,auto,5,PLS_DA,0.7495094284567968,0.027281620688755965,0.7522473816213302,0.027802589068357534
PD-252,rank,auto,5,Balanced_RandomForest,0.6518820439873071,0.016691801520575006,0.6703432578101077,0.018320748407484183
PD-252,standard,auto,6,PLS_DA,0.7862658204763469,0.023913735730052687,0.7818490265858686,0.01994011071515197
PD-252,standard,auto,6,Balanced_LogReg,0.737255170149907,0.03543564896387187,0.7460807099594285,0.036605383565842156
PD-252,standard,auto,6,SMOTE_LogReg,0.7345524674472041,0.03470342213503862,0.7417467525362262,0.035167545540420224
PD-252,standard,auto,6,Euclidean_RBF_GSMOTE,0.7315534157639421,0.04123587471534945,0.7401839353474495,0.04093318799422374
PD-252,standard,auto,6,Subspace_q32,0.7282096874202137,0.034721691095959795,0.7397166175209653,0.04064053570865772
PD-252,standard,auto,6,Adaptive_Subspace_Fusion,0.7237899843163,0.029655773816125483,0.7352346918327085,0.03245342157678592
PD-252,standard,auto,6,Subspace_q16,0.7161688003793266,0.024088844298449742,0.7272830758810926,0.024759780232328582
PD-252,standard,auto,6,Fused_Grassmann_GSMOTE,0.7116551774446511,0.045093366778509746,0.7300429898839231,0.04707682114027684
PD-252,standard,auto,6,Subspace_q8,0.7052978079293869,0.02250688869783113,0.7074764854041038,0.024116730450856477
PD-252,standard,auto,6,Balanced_LinearSVM,0.6973091512565197,0.0397285036252945,0.7046795514135986,0.04197232675453286
PD-252,standard,auto,6,Balanced_RandomForest,0.6508024218550534,0.02084546019450908,0.674312814556717,0.025568341365997303
PD-252,rank,auto,6,Subspace_q32,0.7985684064631433,0.0317494433536021,0.8051246584281166,0.034728814735746724
PD-252,rank,auto,6,Adaptive_Subspace_Fusion,0.7851971404602984,0.033088609445951066,0.7843213323528987,0.036173538495904864
PD-252,rank,auto,6,Subspace_q8,0.783004158004158,0.03142917768113388,0.7744168455020152,0.03451300463639384
PD-252,rank,auto,6,Euclidean_RBF_GSMOTE,0.7726693292482766,0.025487529726747376,0.7690193914829819,0.02625537334844778
PD-252,rank,auto,6,Fused_Grassmann_GSMOTE,0.7706559798665061,0.04109397710119579,0.7778034561249663,0.044301233673077804
PD-252,rank,auto,6,PLS_DA,0.7688076740708321,0.0418728485782394,0.7725141146903982,0.04257349784450811
PD-252,rank,auto,6,Subspace_q16,0.7639083415399206,0.027621586602392747,0.7630530636063692,0.031519190044699705
PD-252,rank,auto,6,Balanced_LogReg,0.7596910675858044,0.02452092604461701,0.7651407129816897,0.02482813641996777
PD-252,rank,auto,6,SMOTE_LogReg,0.7519987598934967,0.027922775783774202,0.7576844011775519,0.027271632784132572
PD-252,rank,auto,6,Balanced_LinearSVM,0.7384733924207609,0.023942041960786063,0.742293753714671,0.02226169060308456
PD-252,rank,auto,6,Balanced_RandomForest,0.6154785352153773,0.02901264232754458,0.6226819129798828,0.0383799573977814
PD-252,standard,auto,7,PLS_DA,0.7619296421928001,0.011152157114858651,0.7526841749548547,0.015921590864546798
PD-252,standard,auto,7,Adaptive_Subspace_Fusion,0.7440328992960572,0.01924534316594813,0.7467670775135586,0.021666791372952587
PD-252,standard,auto,7,Subspace_q32,0.7438906517853886,0.018468691858301956,0.7468811649074807,0.022357940156517816
PD-252,standard,auto,7,Fused_Grassmann_GSMOTE,0.7422821607032134,0.019523391519701717,0.7617560617617827,0.0187625466039679
PD-252,standard,auto,7,Euclidean_RBF_GSMOTE,0.7388299230404496,0.017905698827086185,0.7412362434313653,0.015436914415934816
PD-252,standard,auto,7,Balanced_LogReg,0.738260021154758,0.032315981857577794,0.7416251675462202,0.03311232687248178
PD-252,standard,auto,7,SMOTE_LogReg,0.7331992924098187,0.027687392949675718,0.7393490024755345,0.029642448868104732
PD-252,standard,auto,7,Subspace_q8,0.7311376153481416,0.026971981916528488,0.7348551842538392,0.02618602769936002
PD-252,standard,auto,7,Subspace_q16,0.7280300543458438,0.026125527209107085,0.7226451446272727,0.026624217105621947
PD-252,standard,auto,7,Balanced_LinearSVM,0.7121840463945727,0.04321270192574105,0.720177758529337,0.04407553532907143
PD-252,standard,auto,7,Balanced_RandomForest,0.6630493854178064,0.030048056332236416,0.6820149339494728,0.03464448913782412
PD-252,standard,auto,8,PLS_DA,0.7533710836342415,0.02281705592498994,0.7505003588676514,0.02109085635403192
PD-252,standard,auto,8,Adaptive_Subspace_Fusion,0.7331391107706897,0.017462588134296086,0.7369963114404354,0.023620826417759144
PD-252,standard,auto,8,Subspace_q32,0.7330679870153556,0.013385041795569708,0.7360836167507232,0.01792416900956576
PD-252,standard,auto,8,Subspace_q8,0.7280783820257505,0.01384063087126925,0.733246388072475,0.017789445209525884
PD-252,standard,auto,8,Subspace_q16,0.7227441003756793,0.023230382128294775,0.7251456182739527,0.024044382917199274
PD-252,standard,auto,8,Euclidean_RBF_GSMOTE,0.7200413976729767,0.030798390632056694,0.7196334495836277,0.028174231120122416
PD-252,standard,auto,8,Fused_Grassmann_GSMOTE,0.7180171061750009,0.005997702463797714,0.7314467484107492,0.00793784360469676
PD-252,standard,auto,8,Balanced_LogReg,0.712693766641135,0.026527244668736946,0.7191711934137562,0.027132202012830602
PD-252,standard,auto,8,Balanced_LinearSVM,0.7099910639384325,0.02495723422917817,0.717882435670577,0.030513220063131303
PD-252,standard,auto,8,SMOTE_LogReg,0.7050014589488274,0.030874270053656946,0.7115558110844151,0.031262934232764314
PD-252,standard,auto,8,Balanced_RandomForest,0.6775905460115986,0.02599528221455441,0.6973256544533165,0.032502618800334664
PD-252,rank,auto,7,Adaptive_Subspace_Fusion,0.7780036108983477,0.010218573805802836,0.7752135151558367,0.0056596178309209376
PD-252,rank,auto,7,Subspace_q16,0.7735839077944341,0.024776536747228958,0.7708351158411697,0.01621246273517064
PD-252,rank,auto,7,Subspace_q32,0.7729428821534083,0.009526928729858393,0.7729193181247976,0.004036418178410292
PD-252,rank,auto,7,SMOTE_LogReg,0.7725754094175147,0.015172529237806582,0.7795562513027324,0.018125113179720917
PD-252,rank,auto,7,Subspace_q8,0.77031130320604,0.02083069090131214,0.7673702573950235,0.012428332176125904
PD-252,rank,auto,7,Balanced_LogReg,0.7699438304701463,0.013226607934829208,0.7751576499041309,0.014917989382699377
PD-252,rank,auto,7,Euclidean_RBF_GSMOTE,0.7674061713535397,0.02405735265217684,0.7579327990466893,0.021288379971512086
PD-252,rank,auto,7,Fused_Grassmann_GSMOTE,0.7627503009081956,0.020487253701625446,0.7671452157613903,0.015899763941786625
PD-252,rank,auto,7,PLS_DA,0.7490343582448846,0.01969805996336666,0.7448781451946085,0.02358561508193644
PD-252,rank,auto,7,Balanced_LinearSVM,0.7302002407265565,0.020136456593947045,0.7422136897546914,0.024850356833363948
PD-252,rank,auto,7,Balanced_RandomForest,0.6490854214538425,0.0189998263977034,0.6697499624489918,0.025573310856398135
PD-252,rank,auto,8,Subspace_q8,0.7818534121165701,0.032882445568539594,0.777781085180235,0.03340773292930744
PD-252,rank,auto,8,Adaptive_Subspace_Fusion,0.7745769048400628,0.028374535189998246,0.7793446935483548,0.03453053793364473
PD-252,rank,auto,8,Subspace_q16,0.7561449100922786,0.02472086899730977,0.7580401306028866,0.033720098753091336
PD-252,rank,auto,8,Euclidean_RBF_GSMOTE,0.7538096801254695,0.014169583794158926,0.7449935198913025,0.011259634431136666
PD-252,rank,auto,8,PLS_DA,0.7535844549002444,0.0192323020084938,0.7504801189011715,0.018508959667449323
PD-252,rank,auto,8,Fused_Grassmann_GSMOTE,0.7460462486778277,0.020106101639902382,0.7375896917303704,0.014301168142325418
PD-252,rank,auto,8,Subspace_q32,0.7434629974103658,0.017703518617650803,0.7487513205774367,0.027290359088070405
PD-252,rank,auto,8,Balanced_LogReg,0.721960827223985,0.019184398053725252,0.7250758177893711,0.02314930615170312
PD-252,rank,auto,8,SMOTE_LogReg,0.7065762118393697,0.022732570003210117,0.7121414325253419,0.027427229232788414
PD-252,rank,auto,8,Balanced_LinearSVM,0.6937520516467885,0.018292050157197447,0.7025097984127873,0.02413967892449902
PD-252,rank,auto,8,Balanced_RandomForest,0.6625506072874494,0.024538220733094192,0.6838427745845435,0.03113215844173988
PD-252,standard,auto,9,Subspace_q8,0.7825546193967247,0.02468960386233344,0.783280101049969,0.021225972469803168
PD-252,standard,auto,9,PLS_DA,0.7795072400335558,0.01944720632935434,0.7742350150610686,0.01882532235402542
PD-252,standard,auto,9,Adaptive_Subspace_Fusion,0.7694341102235839,0.02211808183376375,0.7799026131653297,0.022591456024990495
PD-252,standard,auto,9,Balanced_LogReg,0.7544880913301967,0.03456648220910031,0.7619764107230445,0.03834122746644237
PD-252,standard,auto,9,SMOTE_LogReg,0.7544880913301967,0.03456648220910031,0.7619764107230445,0.03834122746644237
PD-252,standard,auto,9,Euclidean_RBF_GSMOTE,0.7449474778422147,0.03007926147528268,0.7467563009575608,0.02239769760638028
PD-252,standard,auto,9,Subspace_q32,0.7433918736550316,0.024576180426217918,0.7450731298099719,0.023916675698539516
PD-252,standard,auto,9,Subspace_q16,0.743249626144363,0.02040484377780861,0.7444926020166805,0.01781016395424914
PD-252,standard,auto,9,Balanced_LinearSVM,0.7417350548929497,0.0382561935109764,0.7490505887276503,0.03870709285323118
PD-252,standard,auto,9,Fused_Grassmann_GSMOTE,0.7415098296677244,0.030039519080013555,0.7540644955534269,0.025783865306186374
PD-252,standard,auto,9,Balanced_RandomForest,0.6618384578910895,0.031325750944511475,0.686831740065398,0.040544983008594104
PD-252,rank,auto,9,Subspace_q16,0.8142384287121128,0.028543079427772833,0.8134049270340282,0.0211048635973587
PD-252,rank,auto,9,Subspace_q32,0.795783637888901,0.029051187300593556,0.8030929550857087,0.02564053959326157
PD-252,rank,auto,9,PLS_DA,0.7829448882080461,0.026458453275000043,0.7653662568045128,0.020234263246890753
PD-252,rank,auto,9,Adaptive_Subspace_Fusion,0.7828281723018565,0.02825535232832068,0.7879890729313944,0.024305670014204434
PD-252,rank,auto,9,Subspace_q8,0.7772914615019879,0.036815967888754575,0.7727733113861771,0.03043274118978642
PD-252,rank,auto,9,Fused_Grassmann_GSMOTE,0.7651794507057665,0.023856319875263328,0.766394671482246,0.020222060073415093
PD-252,rank,auto,9,SMOTE_LogReg,0.7614682496261443,0.02553532149928993,0.7678416786826554,0.024487436527583964
PD-252,rank,auto,9,Balanced_LogReg,0.7587655469234417,0.027539723729580894,0.7642553737264874,0.027484468727605463
PD-252,rank,auto,9,Balanced_LinearSVM,0.7563363971258708,0.032443898328771176,0.7656734208539457,0.033777024462268296
PD-252,rank,auto,9,Euclidean_RBF_GSMOTE,0.7518793084582558,0.020745499896787038,0.7460276314486841,0.014632034479097018
PD-252,rank,auto,9,Balanced_RandomForest,0.6567777291461502,0.03847022295875319,0.679636782423813,0.04841540145537116
PD-252,standard,auto,10,PLS_DA,0.7731562534194112,0.025605699735463207,0.7726014545236514,0.023896227320884367
PD-252,standard,auto,10,Euclidean_RBF_GSMOTE,0.7399578728526097,0.040828124921143405,0.7429854692429202,0.037125403786711676
PD-252,standard,auto,10,SMOTE_LogReg,0.7263613816245394,0.038416234342047495,0.7273807264773254,0.030413369317183858
PD-252,standard,auto,10,Balanced_LogReg,0.7210982237298026,0.035735826269485294,0.7194957389135472,0.026707217955456736
PD-252,standard,auto,10,Balanced_LinearSVM,0.7192389758179231,0.03356812885736835,0.7223201005535614,0.027940676126770946
PD-252,standard,auto,10,Fused_Grassmann_GSMOTE,0.7146542291279133,0.0409465275410019,0.7301327640291804,0.04206865305819756
PD-252,standard,auto,10,Subspace_q16,0.7092789145420725,0.04033992656431773,0.710846068101706,0.034601804645809794
PD-252,standard,auto,10,Subspace_q32,0.7064449064449064,0.04070408987649377,0.7027920734256784,0.03588231816737373
PD-252,standard,auto,10,Subspace_q8,0.6992513768829559,0.03906811678193449,0.6951616031949793,0.03289468919615315
PD-252,standard,auto,10,Adaptive_Subspace_Fusion,0.6938942991574572,0.043015147511865345,0.6959086553999911,0.037000722194745456
PD-252,standard,auto,10,Balanced_RandomForest,0.6482419666630193,0.02347554335333019,0.6673561966966023,0.030360219195261738
PD-252,standard,auto,11,Subspace_q8,0.7466644782434255,0.016762851020010256,0.75105655747761,0.019927447396516886
PD-252,standard,auto,11,Adaptive_Subspace_Fusion,0.7222115840536893,0.025352664894974734,0.7356212916123337,0.0228688339588877
PD-252,standard,auto,11,PLS_DA,0.7218897034686508,0.03603361726357048,0.7211297560320433,0.03533792686636932
PD-252,standard,auto,11,Euclidean_RBF_GSMOTE,0.7207909326330378,0.014566841288835914,0.7333306707946715,0.011615179784470442
PD-252,standard,auto,11,Subspace_q16,0.717589451799978,0.026638425994667893,0.728792916155235,0.02528519905044644
PD-252,standard,auto,11,Balanced_LogReg,0.7013504395083343,0.031129417414934704,0.7120750590233454,0.02955172268499554
PD-252,standard,auto,11,Subspace_q32,0.6989322318269686,0.02681172918079407,0.7100843612450658,0.02522706545526847
PD-252,standard,auto,11,SMOTE_LogReg,0.6964319582740636,0.03020685752618922,0.7090192081201987,0.028785319317197553
PD-252,standard,auto,11,Balanced_LinearSVM,0.6963608345187293,0.03273208250794084,0.7100067410496891,0.03272007866746577
PD-252,standard,auto,11,Fused_Grassmann_GSMOTE,0.6902952547689389,0.015674031749402042,0.7088062200016767,0.015020137113153273
PD-252,standard,auto,11,Balanced_RandomForest,0.6387615348141664,0.02377608782771227,0.6566059834196394,0.03137410581708249
PD-252,rank,auto,10,Subspace_q32,0.7813956669219827,0.01969672460061517,0.7927857522594366,0.02078395370379945
PD-252,rank,auto,10,Subspace_q16,0.7753492358755517,0.021931263937041447,0.7831325071314528,0.02021211614573395
PD-252,rank,auto,10,Adaptive_Subspace_Fusion,0.7677280519385782,0.017102798855749706,0.7777898773091398,0.01965064431438428
PD-252,rank,auto,10,SMOTE_LogReg,0.7634505963453332,0.033982716609338284,0.7708303142511255,0.026504537188340505
PD-252,rank,auto,10,Balanced_LogReg,0.7608190173979648,0.0319525847629398,0.7666400216574318,0.023437648109499224
PD-252,rank,auto,10,Balanced_LinearSVM,0.7583898676003938,0.03832749099743211,0.7672350877249061,0.031292680358372425
PD-252,rank,auto,10,Subspace_q8,0.7486778276251961,0.02237675769036769,0.744171116907409,0.023795933452721504
PD-252,rank,auto,10,Fused_Grassmann_GSMOTE,0.7395420724368094,0.04077211797573158,0.7370103801726284,0.035129787512372175
PD-252,rank,auto,10,PLS_DA,0.7363287376445271,0.01061821496018814,0.7453224321258376,0.020637644408890248
PD-252,rank,auto,10,Euclidean_RBF_GSMOTE,0.7313737826895721,0.05007147085128059,0.7160808607599767,0.04261028395339816
PD-252,rank,auto,10,Balanced_RandomForest,0.6488829923040449,0.020436944294071203,0.668454409350807,0.024674281426051634
PD-252,standard,auto,12,Subspace_q8,0.7746480285953969,0.036567268208858056,0.7781523046611603,0.03845166550835666
PD-252,standard,auto,12,Adaptive_Subspace_Fusion,0.7594658423605792,0.022833343737969126,0.7703413291513976,0.02527135702599631
PD-252,standard,auto,12,PLS_DA,0.7458921472079366,0.037004261552022584,0.7454594928686082,0.04001950902706865
PD-252,standard,auto,12,Subspace_q16,0.7441040230513914,0.026686688949432043,0.7454439268649795,0.025355838492230956
PD-252,standard,auto,12,Subspace_q32,0.7287905314221104,0.03055113066935772,0.7316373882163356,0.031054929072473487
PD-252,standard,auto,12,Euclidean_RBF_GSMOTE,0.7225899989057885,0.02440964550975481,0.7314575573889075,0.029970946623956256
PD-252,standard,auto,12,Fused_Grassmann_GSMOTE,0.7224960790750264,0.030036628278292524,0.7370861842355396,0.030366345155209938
PD-252,standard,auto,12,SMOTE_LogReg,0.7148265674581464,0.03186943049387859,0.7229254429780746,0.034462916182096584
PD-252,standard,auto,12,Balanced_LogReg,0.7121238647554439,0.029698803273273643,0.7184868464868466,0.030943477682723507
PD-252,standard,auto,12,Balanced_LinearSVM,0.7043604333078017,0.021324008862571256,0.7128500984565058,0.025861501030085998
PD-252,standard,auto,12,Balanced_RandomForest,0.637479483532115,0.022775207941767173,0.6570277749654079,0.027557487024580964
PD-252,rank,auto,11,Subspace_q32,0.7512638144217092,0.01855998584927895,0.7675351944302644,0.01823363059357149
PD-252,rank,auto,11,Fused_Grassmann_GSMOTE,0.7357706897180581,0.032233261797096575,0.739983116509383,0.03303384635041478
PD-252,rank,auto,11,Adaptive_Subspace_Fusion,0.7357478936426305,0.012522617395481089,0.7489694968396124,0.014897419209616798
PD-252,rank,auto,11,Euclidean_RBF_GSMOTE,0.7279589305905096,0.018962978043532037,0.7227484334539129,0.01896817858526773
PD-252,rank,auto,11,Subspace_q8,0.7224477513951199,0.013445873571353772,0.7301227757749497,0.02021261995923476
PD-252,rank,auto,11,Balanced_LogReg,0.7180280482912063,0.023039742132960853,0.7263700415894873,0.02613614492791389
PD-252,rank,auto,11,Subspace_q16,0.7176605755553125,0.0068081289545281155,0.7319264489274421,0.013642356780114348
PD-252,rank,auto,11,Balanced_LinearSVM,0.7129673195462669,0.028702774627324044,0.7223558980003668,0.030332896825309034
PD-252,rank,auto,11,SMOTE_LogReg,0.7103357405988985,0.02728618195949975,0.7176618051733626,0.0270286282668353
PD-252,rank,auto,11,PLS_DA,0.7055002370791844,0.034918673542172554,0.7103775146283413,0.036671636903613795
PD-252,rank,auto,11,Balanced_RandomForest,0.6183161906846117,0.029928211966278873,0.6240280814266763,0.04244636564818121
PD-252,standard,auto,13,PLS_DA,0.7558713571871467,0.03512387558865497,0.7454973573971577,0.02628762412831251
PD-252,standard,auto,13,Adaptive_Subspace_Fusion,0.7172447751395119,0.04189400591627874,0.7202358812358812,0.03672205898732475
PD-252,standard,auto,13,Subspace_q16,0.7119104934894409,0.04978928122469556,0.7105654193560371,0.04661557758140064
PD-252,standard,auto,13,Subspace_q8,0.7068497647445016,0.04691438113077933,0.7073441234407224,0.04287888692810356
PD-252,standard,auto,13,Euclidean_RBF_GSMOTE,0.7065534157639421,0.02834015870411681,0.7146746963143757,0.02299002288056569
PD-252,standard,auto,13,Subspace_q32,0.7011708064339642,0.045876183410126066,0.6985999665256795,0.04111978184145201
PD-252,standard,auto,13,Fused_Grassmann_GSMOTE,0.6968477586898638,0.028494747504911083,0.7122980152068725,0.02632749083184996
PD-252,standard,auto,13,Balanced_LogReg,0.6955401758033337,0.038437304348921425,0.6954302720465871,0.031974754347190784
PD-252,standard,auto,13,SMOTE_LogReg,0.6928374731006309,0.03623900393141083,0.6916028721634172,0.029210697167556095
PD-252,standard,auto,13,Balanced_LinearSVM,0.6696183025130393,0.05887862744676295,0.670381521602429,0.05568237588578664
PD-252,standard,auto,13,Balanced_RandomForest,0.6501613962140278,0.017048281229875617,0.6712381112822763,0.01916555342563401
PD-252,rank,auto,12,Balanced_LogReg,0.8019121348068715,0.016325644253759423,0.8086243131391873,0.01993365943035674
PD-252,rank,auto,12,Subspace_q8,0.7978079293868768,0.03994462238039648,0.786606988512575,0.03301956460360074
PD-252,rank,auto,12,Adaptive_Subspace_Fusion,0.7960681329102381,0.03358036832465593,0.8031696110906636,0.03194645853391906
PD-252,rank,auto,12,SMOTE_LogReg,0.794219827114564,0.016108629166566406,0.8019933582816877,0.01876505683531109
PD-252,rank,auto,12,Subspace_q32,0.7883758252179305,0.023975189835735874,0.7984052789315947,0.024291810773458426
PD-252,rank,auto,12,Subspace_q16,0.7807546412809572,0.028654790698173196,0.7914074885681931,0.029128146817001276
PD-252,rank,auto,12,Fused_Grassmann_GSMOTE,0.758622387569756,0.02858545713044116,0.7648087149826279,0.0317479923822218
PD-252,rank,auto,12,Euclidean_RBF_GSMOTE,0.7554437028121239,0.043369108120065086,0.7499220173933645,0.04463751171605596
PD-252,rank,auto,12,PLS_DA,0.7533710836342415,0.014424865268270089,0.750343539102324,0.011593685895491325
PD-252,rank,auto,12,Balanced_LinearSVM,0.7440812269759637,0.020574591551510136,0.7559840161287023,0.020948841412927584
PD-252,rank,auto,12,Balanced_RandomForest,0.6271555968924389,0.026957250737305496,0.6419048188062,0.033987437474486314
PD-252,rank,auto,13,Adaptive_Subspace_Fusion,0.7760094102199366,0.035930576266345875,0.7693701137985107,0.023014694983557703
PD-252,rank,auto,13,Euclidean_RBF_GSMOTE,0.7644299157457052,0.022648759875373226,0.7503483674536306,0.021720642130997673
PD-252,rank,auto,13,Subspace_q16,0.7572810664915928,0.046302121094716694,0.749464650063933,0.0347427389965407
PD-252,rank,auto,13,Subspace_q8,0.744693073640442,0.03271809735184092,0.735442003888448,0.02667684466409342
PD-252,rank,auto,13,Subspace_q32,0.7446702775650145,0.037528242682153774,0.7432875960543365,0.026532221877700664
PD-252,rank,auto,13,Fused_Grassmann_GSMOTE,0.7308640624430098,0.015687128632334124,0.7303818755794401,0.011331055313860772
PD-252,rank,auto,13,Balanced_LogReg,0.7290121092752672,0.02035038161131598,0.7285360262415057,0.01532458802712017
PD-252,rank,auto,13,SMOTE_LogReg,0.7290121092752672,0.02035038161131598,0.7285360262415057,0.01532458802712017
PD-252,rank,auto,13,Balanced_LinearSVM,0.7239513805303279,0.01730129686356035,0.7260110489321014,0.0124190803133861
PD-252,rank,auto,13,PLS_DA,0.696822227085385,0.027520536220065527,0.7003821093821093,0.027764679755060653
PD-252,rank,auto,13,Balanced_RandomForest,0.6166894627420944,0.01422804620861099,0.6279976993633528,0.01905246334137297
PD-252,standard,auto,14,Subspace_q16,0.7722188787978262,0.03208470415288209,0.7758082570584772,0.026233447125380897
PD-252,standard,auto,14,PLS_DA,0.766884597147755,0.02049074242358276,0.769229653387548,0.013837227481537817
PD-252,standard,auto,14,Adaptive_Subspace_Fusion,0.7509300798774483,0.02991900660030559,0.7545764530108301,0.025001877885550146
PD-252,standard,auto,14,Subspace_q8,0.7505142794616478,0.02983316914370932,0.7492901195251624,0.023343880672240122
PD-252,standard,auto,14,Balanced_LogReg,0.7407484407484407,0.025328401311067006,0.7436396174382445,0.019922010297615478
PD-252,standard,auto,14,SMOTE_LogReg,0.7407484407484407,0.025951693785009854,0.7433414786967418,0.01877990690710891
PD-252,standard,auto,14,Subspace_q32,0.7402387205018784,0.039154012303643536,0.7468540665611604,0.034625870643623734
PD-252,standard,auto,14,Euclidean_RBF_GSMOTE,0.7384733924207609,0.017421780066829203,0.7434591717063114,0.019980053826304734
PD-252,standard,auto,14,Fused_Grassmann_GSMOTE,0.711887697414013,0.022424709773665178,0.7256615618222663,0.02070705918920716
PD-252,standard,auto,14,Balanced_LinearSVM,0.7094922858080752,0.03438380299215732,0.7097188279556701,0.029287464469390973
PD-252,standard,auto,14,Balanced_RandomForest,0.6671016157858263,0.03026869575807429,0.692611033481406,0.036634546186269934
PD-252,rank,auto,14,Subspace_q32,0.8102646168435642,0.022647990051842218,0.8041091108620002,0.02189132293515192
PD-252,rank,auto,14,Subspace_q8,0.7947486960644856,0.02313205449368469,0.7847564818643553,0.01784556871008944
PD-252,rank,auto,14,Adaptive_Subspace_Fusion,0.789616843564212,0.023102810224023218,0.7845225866213978,0.024999247922926522
PD-252,rank,auto,14,Subspace_q16,0.7843536856694752,0.02638961195791132,0.7749740545711784,0.023767300005597406
PD-252,rank,auto,14,Fused_Grassmann_GSMOTE,0.7738647554437028,0.034640456622971855,0.7755350971824682,0.031060350232217877
PD-252,rank,auto,14,Euclidean_RBF_GSMOTE,0.7704125177809388,0.04495469134511766,0.7582904397470951,0.049147323768143535
PD-252,rank,auto,14,PLS_DA,0.7682341248130722,0.038954114308700015,0.7678034167847583,0.027621290853526187
PD-252,rank,auto,14,Balanced_LogReg,0.7629709669183353,0.03861067220015585,0.75989194701336,0.027447451455411984
PD-252,rank,auto,14,SMOTE_LogReg,0.7606129408760988,0.04010778287999391,0.7610542110421086,0.02879196533101315
PD-252,rank,auto,14,Balanced_LinearSVM,0.7555522121311594,0.028945269190166663,0.7630622001794263,0.026710247551673276
PD-252,rank,auto,14,Balanced_RandomForest,0.6567777291461502,0.023290032501636918,0.6803732762908982,0.029122875663929234
PD-252,standard,auto,15,PLS_DA,0.7759382864646023,0.03382800551251191,0.7722370455768288,0.028712975306044813
PD-252,standard,auto,15,Subspace_q32,0.7664578546157494,0.011206052308734529,0.7701449936455228,0.007715281680956082
PD-252,standard,auto,15,Adaptive_Subspace_Fusion,0.7643131998395157,0.020544635521216,0.7713495436524597,0.01855956832464461
PD-252,standard,auto,15,Subspace_q16,0.7535735127840391,0.01757296214178452,0.7545333633423755,0.013057345590922894
PD-252,standard,auto,15,Balanced_LogReg,0.7503720319509795,0.02001705247606497,0.7524697597565833,0.023710517788219674
PD-252,standard,auto,15,SMOTE_LogReg,0.7453113032060401,0.01857894443654744,0.7490217848793337,0.019041637811700148
PD-252,standard,auto,15,Subspace_q8,0.7426797242586717,0.022179474200496162,0.7445263335914621,0.02114003194158337
PD-252,standard,auto,15,Fused_Grassmann_GSMOTE,0.7418025312762155,0.03463070742627655,0.7475105492457257,0.027599763535259482
PD-252,standard,auto,15,Balanced_LinearSVM,0.7198763540868803,0.019152894903353104,0.7288709851713703,0.017826774513214416
PD-252,standard,auto,15,Euclidean_RBF_GSMOTE,0.7176313965787651,0.030957316506528384,0.7089482951623468,0.02188368356950886
PD-252,standard,auto,15,Balanced_RandomForest,0.6735118721960827,0.04280948147301312,0.6950561769637509,0.045861378419285836
PD-252,rank,auto,15,Subspace_q16,0.8027036145457199,0.03552606384458299,0.7997681240772481,0.023073728740460105
PD-252,rank,auto,15,Subspace_q32,0.799775686617792,0.04164170686951279,0.8028713217739127,0.035383880394635636
PD-252,rank,auto,15,Adaptive_Subspace_Fusion,0.7942991574570522,0.04213004144510721,0.7921517400401468,0.03098797150023322
PD-252,rank,auto,15,Balanced_LogReg,0.7718632600211548,0.03187240668485189,0.7769274552607887,0.02505927133863752
PD-252,rank,auto,15,SMOTE_LogReg,0.7691605573184521,0.03320493654611739,0.773313819422772,0.027851703739555148
PD-252,rank,auto,15,Balanced_LinearSVM,0.7668736550315498,0.03445801646801391,0.7740812024145358,0.027242564734037574
PD-252,rank,auto,15,Subspace_q8,0.7577798446219499,0.035817019073138764,0.7542905287854136,0.03075299102030596
PD-252,rank,auto,15,Fused_Grassmann_GSMOTE,0.7523625852573221,0.04495221348631458,0.74919416451167,0.03743993832653834
PD-252,rank,auto,15,Euclidean_RBF_GSMOTE,0.749682678630047,0.033913612163388424,0.737728462112363,0.027251131148138156
PD-252,rank,auto,15,PLS_DA,0.7359548820075137,0.02943328947715572,0.7187258063225901,0.024970576146745672
PD-252,rank,auto,15,Balanced_RandomForest,0.6664605901448006,0.03416330469463138,0.689832111861021,0.03795403995086285
PD-252,standard,auto,16,PLS_DA,0.7855646131961922,0.04446338849632534,0.7693541766007953,0.03241737455116934
PD-252,standard,auto,16,Subspace_q16,0.756407520881205,0.052323686114654,0.7608041528553425,0.05112869471995824
PD-252,standard,auto,16,Adaptive_Subspace_Fusion,0.7460836342415289,0.049746511101019714,0.7472778287465885,0.05082020552066239
PD-252,standard,auto,16,Balanced_LogReg,0.7414615019878178,0.04595447175937118,0.7397726885778327,0.04695392066300477
PD-252,standard,auto,16,SMOTE_LogReg,0.7311376153481416,0.0441549701708155,0.7294488019381568,0.04509768311820892
PD-252,standard,auto,16,Balanced_LinearSVM,0.7294206149469308,0.05425128629108241,0.7261485340742062,0.05640070730338587
PD-252,standard,auto,16,Subspace_q8,0.7231489586752745,0.043062255184011355,0.7272919858503032,0.043764082819556537
PD-252,standard,auto,16,Subspace_q32,0.719959331801437,0.051262379084151606,0.7210707311334291,0.05480403415957384
PD-252,standard,auto,16,Fused_Grassmann_GSMOTE,0.7005480176532808,0.03485862503049175,0.716899299358649,0.03854775402179858
PD-252,standard,auto,16,Euclidean_RBF_GSMOTE,0.6922374803953751,0.03989155248828331,0.701538684866225,0.04348410899624867
PD-252,standard,auto,16,Balanced_RandomForest,0.6443885180727286,0.03586053266106178,0.655513054483723,0.049146335285262494
PD-252,rank,auto,16,Adaptive_Subspace_Fusion,0.7933882262829631,0.03440311996358477,0.7834692213688026,0.02679051699067905
PD-252,rank,auto,16,Subspace_q8,0.7851488127803917,0.0461436842438896,0.7620926522200053,0.0376720031733458
PD-252,rank,auto,16,Subspace_q16,0.7799941642046905,0.034892934105791015,0.7759422762683632,0.030687967050242494
PD-252,rank,auto,16,Subspace_q32,0.7775650144071197,0.03373690221297367,0.7776909261909262,0.02869457737133589
PD-252,rank,auto,16,Euclidean_RBF_GSMOTE,0.7751586606849764,0.035074308116852256,0.7719775507029512,0.03425844594081976
PD-252,rank,auto,16,Fused_Grassmann_GSMOTE,0.76282142466353,0.03902092382860311,0.7672368255279649,0.038808605961550224
PD-252,rank,auto,16,Balanced_LogReg,0.7407493525914579,0.03678300950999948,0.7452803375714768,0.03596600219100875
PD-252,rank,auto,16,SMOTE_LogReg,0.7303543421964475,0.027431688978390382,0.7356290629202022,0.029277524450288875
PD-252,rank,auto,16,Balanced_LinearSVM,0.7234453076558339,0.028067810542357075,0.728096254491215,0.026412832260708605
PD-252,rank,auto,16,PLS_DA,0.7211812014443593,0.02596275548474632,0.718400669691809,0.02016717067733311
PD-252,rank,auto,16,Balanced_RandomForest,0.6714501951344056,0.03881437808453508,0.6891026761753456,0.05010970046239026
PD-252,standard,auto,17,PLS_DA,0.7819135937556989,0.02663921035873227,0.7826612224279629,0.02031311511073062
PD-252,standard,auto,17,Adaptive_Subspace_Fusion,0.7699210343947186,0.029399878209838318,0.782090266879211,0.015396974043407502
PD-252,standard,auto,17,Subspace_q16,0.7670159025422183,0.024771238672411603,0.7732648450769897,0.012889520340635396
PD-252,standard,auto,17,Subspace_q32,0.7463681292628662,0.01853724497191263,0.7535696844585121,0.015393595253430656
PD-252,standard,auto,17,SMOTE_LogReg,0.7436654265601634,0.03660219807269994,0.7454787320597795,0.027866971612182094
PD-252,standard,auto,17,Subspace_q8,0.7363889192836562,0.02924006675945444,0.7443837923965735,0.019866494922526377
PD-252,standard,auto,17,Balanced_LogReg,0.7353320932268301,0.03706256690108902,0.737849230759392,0.027441965861488702
PD-252,standard,auto,17,Fused_Grassmann_GSMOTE,0.7183727249516723,0.025996643698073484,0.7306654192232107,0.03147866707214153
PD-252,standard,auto,17,Balanced_LinearSVM,0.7095524674472042,0.03635427808863797,0.7128446738697422,0.029776266411231444
PD-252,standard,auto,17,Euclidean_RBF_GSMOTE,0.6994647481489586,0.01965759534186256,0.6983245069194726,0.019923230442758903
PD-252,standard,auto,17,Balanced_RandomForest,0.6786437246963564,0.03134058279109984,0.7040680797691463,0.033840832585423884
PD-252,standard,auto,18,PLS_DA,0.7940064558485611,0.04240327329129158,0.7978539107548576,0.03973936485623724
PD-252,standard,auto,18,Adaptive_Subspace_Fusion,0.7425146806725754,0.03580718816849048,0.7526370262234525,0.033780688029833396
PD-252,standard,auto,18,Subspace_q8,0.7409627238574608,0.03470287472852418,0.747341003350223,0.03698070560174728
PD-252,standard,auto,18,Fused_Grassmann_GSMOTE,0.7393131998395155,0.033289155450777756,0.7474113411008921,0.03240012380347586
PD-252,standard,auto,18,Subspace_q16,0.7376901192690667,0.030986541564913903,0.7417777300813151,0.03125152667152049
PD-252,standard,auto,18,Euclidean_RBF_GSMOTE,0.7342150855308749,0.03548283088460067,0.7329124021951645,0.038185673258962584
PD-252,standard,auto,18,Subspace_q32,0.7327005142794615,0.031421862085763405,0.739081446312519,0.03217440907962501
PD-252,standard,auto,18,Balanced_LogReg,0.7255781084728452,0.026857455307866714,0.7344691840294482,0.03138574408440578
PD-252,standard,auto,18,SMOTE_LogReg,0.7146131961921435,0.025860780177888162,0.7232605306299897,0.030691690448167806
PD-252,standard,auto,18,Balanced_LinearSVM,0.7095524674472042,0.03021711823886569,0.7191021044985069,0.03322929294076551
PD-252,standard,auto,18,Balanced_RandomForest,0.6595707043075464,0.03565999554596719,0.6774286365638036,0.04018247571019553
UCI-489,rank,on,0,PLS_DA,0.8625,0.012499999999999999,0.8615592903828198,0.012456549616279799
UCI-489,rank,on,0,Subspace_q8,0.85,0.024999999999999998,0.8484126984126984,0.025599083013779698
UCI-489,rank,on,0,Balanced_LogReg,0.8375,0.04238956239453292,0.833921568627451,0.04416293971348454
UCI-489,rank,on,0,SMOTE_LogReg,0.8375,0.04238956239453292,0.833921568627451,0.04416293971348454
UCI-489,rank,on,0,Euclidean_RBF_GSMOTE,0.8375,0.04238956239453292,0.8334104302989752,0.04449380151130017
UCI-489,rank,on,0,Subspace_q32,0.825,0.036443449342783124,0.8209594499068184,0.038577746764233325
UCI-489,rank,on,0,Fused_Grassmann_GSMOTE,0.825,0.036443449342783124,0.8205626245099928,0.03844057341446906
UCI-489,rank,on,0,Balanced_RandomForest,0.8125,0.03423265984407288,0.8115639589168999,0.0342768111939006
UCI-489,rank,on,0,Adaptive_Subspace_Fusion,0.8125,0.048412291827592706,0.8095463016515648,0.04944772437436912
UCI-489,rank,on,0,Subspace_q16,0.8125,0.048412291827592706,0.8095463016515648,0.04944772437436912
UCI-489,rank,on,0,Balanced_LinearSVM,0.8,0.03061862178478973,0.7976975621557665,0.03045262037087398
UCI-489,rank,on,1,Euclidean_RBF_GSMOTE,0.8875,0.04145780987944249,0.8866573295985061,0.04210345394556478
UCI-489,rank,on,1,Fused_Grassmann_GSMOTE,0.875,0.04419417382415922,0.8740102707749766,0.04479245916011863
UCI-489,rank,on,1,Subspace_q32,0.8625,0.03061862178478973,0.8616573295985062,0.031319601755571864
UCI-489,rank,on,1,Adaptive_Subspace_Fusion,0.85,0.03186887195995491,0.8486134453781513,0.032426741439545194
UCI-489,rank,on,1,Balanced_RandomForest,0.8375,0.0318688719599549,0.8367600373482726,0.031773055175965646
UCI-489,rank,on,1,Subspace_q16,0.8375,0.0318688719599549,0.8363632119514472,0.03243599947628686
UCI-489,rank,on,1,Subspace_q8,0.8375,0.0375,0.8362605042016806,0.03783759865273961
UCI-489,rank,on,1,PLS_DA,0.825,0.045927932677184584,0.8239122315592905,0.0458672304409245
UCI-489,rank,on,1,Balanced_LogReg,0.7875,0.050775240028974745,0.7861671335200746,0.0511305749107449
UCI-489,rank,on,1,SMOTE_LogReg,0.7875,0.050775240028974745,0.7861671335200746,0.0511305749107449
UCI-489,rank,on,1,Balanced_LinearSVM,0.7375,0.0723489806424389,0.7354715219421102,0.07362610748059897
PD-252,rank,auto,17,Subspace_q16,0.7848296677244047,0.026610294614730808,0.7849662111366538,0.015386653544513282
PD-252,rank,auto,17,Adaptive_Subspace_Fusion,0.7744346573293942,0.030655522812764437,0.774608440377319,0.021419803086219973
PD-252,rank,auto,17,Subspace_q8,0.7586342415289784,0.039619228635500076,0.7553093316200742,0.03185923417437308
PD-252,rank,auto,17,Subspace_q32,0.7566920159025423,0.025802439207680893,0.76352830882056,0.018066127293393405
PD-252,rank,auto,17,Fused_Grassmann_GSMOTE,0.7404639457271036,0.03454073425641959,0.7435390106444505,0.03000282277838614
PD-252,rank,auto,17,Euclidean_RBF_GSMOTE,0.7322245322245322,0.03993623904989392,0.7266725316227707,0.03581206990799259
PD-252,rank,auto,17,Balanced_LogReg,0.7225790567895831,0.042637115911971286,0.7279757237590332,0.03280125382896731
PD-252,rank,auto,17,PLS_DA,0.7200186015975489,0.0355737752282935,0.7231116980887665,0.02198728742480986
PD-252,rank,auto,17,SMOTE_LogReg,0.7198763540868806,0.043019570686036075,0.7239502134044089,0.03302368859209127
PD-252,rank,auto,17,Balanced_LinearSVM,0.7052038880986249,0.04006495564317968,0.7090749233005246,0.033029452969226505
PD-252,rank,auto,17,Balanced_RandomForest,0.6585658533026953,0.023001866206088108,0.6794219977382567,0.02565589989735049
UCI-489,rank,on,2,Euclidean_RBF_GSMOTE,0.875,0.02795084971874737,0.8746078431372549,0.028060632161053856
UCI-489,rank,on,2,Subspace_q8,0.8625,0.023385358667337132,0.862156862745098,0.023503560144897483
UCI-489,rank,on,2,Adaptive_Subspace_Fusion,0.8625,0.03644344934278313,0.8620588235294117,0.0365949019838976
UCI-489,rank,on,2,Subspace_q16,0.85,0.024999999999999998,0.8495098039215685,0.02512272835899642
UCI-489,rank,on,2,Subspace_q32,0.85,0.024999999999999998,0.8495098039215685,0.02512272835899642
UCI-489,rank,on,2,Fused_Grassmann_GSMOTE,0.85,0.024999999999999998,0.8491129785247432,0.02502501492524027
UCI-489,rank,on,2,Balanced_RandomForest,0.8375,0.0318688719599549,0.8367600373482726,0.031773055175965646
UCI-489,rank,on,2,Balanced_LinearSVM,0.825,0.0637377439199098,0.8234126984126984,0.06459849442896708
UCI-489,rank,on,2,Balanced_LogReg,0.8125,0.052291251658379716,0.8119607843137254,0.05243805961433811
UCI-489,rank,on,2,SMOTE_LogReg,0.8125,0.052291251658379716,0.8119607843137254,0.05243805961433811
UCI-489,rank,on,2,PLS_DA,0.8,0.053764532919016415,0.7978197945845005,0.05487936157938222
PD-252,standard,auto,19,PLS_DA,0.7980140059087428,0.05211029794484788,0.7925475069044863,0.047836463712706785
PD-252,standard,auto,19,Fused_Grassmann_GSMOTE,0.777688113214429,0.03554987116853564,0.7886247959918846,0.028932407853782947
PD-252,standard,auto,19,Euclidean_RBF_GSMOTE,0.7564932341248131,0.038354526919634625,0.755107853245153,0.03184087126064802
PD-252,standard,auto,19,Balanced_LogReg,0.726219134113871,0.020732534395508012,0.7339009518323019,0.020900052516734054
PD-252,standard,auto,19,Subspace_q8,0.7240261516577305,0.04406100177444559,0.7234348188558715,0.04227129091207822
PD-252,standard,auto,19,Adaptive_Subspace_Fusion,0.7183955210271,0.043357519126009166,0.7221339968708389,0.043671266495156
PD-252,standard,auto,19,SMOTE_LogReg,0.7152542218331692,0.016145931462375526,0.7232684352684353,0.017927515392883623
PD-252,standard,auto,19,Subspace_q16,0.7130612393770288,0.04581136806079273,0.7149956752382381,0.04583903389777537
PD-252,standard,auto,19,Subspace_q32,0.7124202137360033,0.02834286329118872,0.7139074079691442,0.02790171761817198
PD-252,standard,auto,19,Balanced_LinearSVM,0.7052750118539592,0.020215329588441383,0.7152852635541423,0.019400069564651325
PD-252,standard,auto,19,Balanced_RandomForest,0.6619095816464238,0.018564928537889352,0.6909211461165043,0.02434715844657179
PD-252,rank,auto,18,Subspace_q16,0.8091138709559763,0.04890296214379621,0.8043170886328781,0.04059696297392959
PD-252,rank,auto,18,Subspace_q32,0.7946438341175185,0.0495547207250563,0.8009447417136204,0.04439571074744679
PD-252,rank,auto,18,Adaptive_Subspace_Fusion,0.7886685268264215,0.04661294416291948,0.7922742067673575,0.04375687032889968
PD-252,rank,auto,18,Subspace_q8,0.7755106320895794,0.031143221804786462,0.7712790010506243,0.024211775828663552
PD-252,rank,auto,18,SMOTE_LogReg,0.7482164350585403,0.019333211793540025,0.7590684794504703,0.0205744810695432
PD-252,rank,auto,18,Balanced_LogReg,0.7429532771638035,0.019650092914507467,0.7518226640580165,0.02372763019599584
PD-252,rank,auto,18,Fused_Grassmann_GSMOTE,0.7416001021264179,0.039107520471657026,0.7452530464614469,0.03671268304372282
PD-252,rank,auto,18,PLS_DA,0.7368585184374659,0.03214080823040261,0.7333571695455182,0.033029535811866476
PD-252,rank,auto,18,Euclidean_RBF_GSMOTE,0.7332293832293832,0.03900401800342208,0.7233342543909261,0.034777276464798404
PD-252,rank,auto,18,Balanced_LinearSVM,0.7252106357369517,0.03332037591425124,0.7414344727739899,0.03798180804561442
PD-252,rank,auto,18,Balanced_RandomForest,0.6153362877047087,0.03969661316360364,0.6204202400201643,0.04971366917669282
UCI-489,rank,on,3,Euclidean_RBF_GSMOTE,0.875,0.02795084971874737,0.8733885051996507,0.0287610739189366
UCI-489,rank,on,3,Subspace_q8,0.8625,0.03061862178478973,0.8619607843137255,0.030738694811396742
UCI-489,rank,on,3,Subspace_q16,0.8625,0.03061862178478973,0.8607414463761213,0.03125631352366164
UCI-489,rank,on,3,Adaptive_Subspace_Fusion,0.85,0.0375,0.8488141923436041,0.03804804751831271
UCI-489,rank,on,3,PLS_DA,0.8375,0.024999999999999994,0.835643407160435,0.025430294004706054
UCI-489,rank,on,3,Fused_Grassmann_GSMOTE,0.825,0.023385358667337132,0.8234865444153371,0.023624612027723854
UCI-489,rank,on,3,Subspace_q32,0.825,0.036443449342783124,0.8228197945845006,0.0371012559608181
UCI-489,rank,on,3,Balanced_LogReg,0.8,0.012499999999999999,0.7948590934349449,0.015426683318142825
UCI-489,rank,on,3,SMOTE_LogReg,0.8,0.012499999999999999,0.7948590934349449,0.015426683318142825
UCI-489,rank,on,3,Balanced_RandomForest,0.7875,0.04238956239453292,0.7844336898052069,0.04368327057463945
UCI-489,rank,on,3,Balanced_LinearSVM,0.7375,0.06373774391990981,0.7289149154938628,0.0679791739448064
UCI-489,rank,on,4,Balanced_LogReg,0.85,0.024999999999999998,0.8495098039215685,0.025122728358996423
UCI-489,rank,on,4,SMOTE_LogReg,0.85,0.024999999999999998,0.8495098039215685,0.025122728358996423
UCI-489,rank,on,4,PLS_DA,0.8375,0.0318688719599549,0.8363632119514472,0.03243599947628686
UCI-489,rank,on,4,Adaptive_Subspace_Fusion,0.8375,0.015309310892394864,0.8362651727357611,0.015003410562705554
UCI-489,rank,on,4,Subspace_q8,0.8375,0.015309310892394864,0.8362651727357611,0.015003410562705554
UCI-489,rank,on,4,Euclidean_RBF_GSMOTE,0.8375,0.024999999999999998,0.8353399524452156,0.02507508787419188
UCI-489,rank,on,4,Subspace_q16,0.825,0.023385358667337132,0.8239122315592905,0.02300051949718866
UCI-489,rank,on,4,Subspace_q32,0.825,0.023385358667337132,0.8239122315592905,0.02300051949718866
UCI-489,rank,on,4,Balanced_LinearSVM,0.825,0.023385358667337132,0.8230897190185116,0.02341065655057381
UCI-489,rank,on,4,Fused_Grassmann_GSMOTE,0.8125,0.02795084971874737,0.8111624649859944,0.028181816238784685
UCI-489,rank,on,4,Balanced_RandomForest,0.8,0.036443449342783124,0.797594854406,0.036809823646451904
UCI-489,rank,on,5,Subspace_q8,0.8875,0.05376453291901641,0.8871568627450982,0.05396976455712405
UCI-489,rank,on,5,Adaptive_Subspace_Fusion,0.875,0.048412291827592706,0.8746078431372549,0.04860224283362122
UCI-489,rank,on,5,Subspace_q16,0.875,0.048412291827592706,0.8746078431372549,0.04860224283362122
UCI-489,rank,on,5,Subspace_q32,0.8625,0.04592793267718459,0.8617600373482727,0.04609561258451681
UCI-489,rank,on,5,Fused_Grassmann_GSMOTE,0.8625,0.0637377439199098,0.8608636788048554,0.0648139849911141
UCI-489,rank,on,5,Balanced_LogReg,0.85,0.04238956239453292,0.8491083099906629,0.042811948162992865
UCI-489,rank,on,5,SMOTE_LogReg,0.85,0.04238956239453292,0.8491083099906629,0.042811948162992865
UCI-489,rank,on,5,Balanced_LinearSVM,0.85,0.0318688719599549,0.8490102707749767,0.03250373489767144
UCI-489,rank,on,5,Euclidean_RBF_GSMOTE,0.85,0.06123724356957944,0.8484126984126984,0.06229210826686283
UCI-489,rank,on,5,PLS_DA,0.8375,0.04238956239453292,0.8370588235294119,0.04259930840411655
UCI-489,rank,on,5,Balanced_RandomForest,0.8,0.03061862178478972,0.799313725490196,0.030798828849746142
UCI-489,rank,on,6,Fused_Grassmann_GSMOTE,0.8625,0.036443449342783124,0.8610355640231802,0.036883764893222086
UCI-489,rank,on,6,Subspace_q8,0.8375,0.0318688719599549,0.8359375248074938,0.03215347133506413
UCI-489,rank,on,6,Euclidean_RBF_GSMOTE,0.8375,0.0318688719599549,0.8359375248074938,0.03215347133506413
UCI-489,rank,on,6,Adaptive_Subspace_Fusion,0.8375,0.04238956239453292,0.833921568627451,0.04416293971348454
UCI-489,rank,on,6,Subspace_q16,0.8375,0.04238956239453292,0.833921568627451,0.04416293971348454
UCI-489,rank,on,6,Balanced_LogReg,0.825,0.03061862178478972,0.8232904659839644,0.03076980833551717
UCI-489,rank,on,6,SMOTE_LogReg,0.825,0.03061862178478972,0.8232904659839644,0.03076980833551717
UCI-489,rank,on,6,Subspace_q32,0.825,0.036443449342783124,0.8210737628384687,0.03810023698916923
UCI-489,rank,on,6,PLS_DA,0.8125,0.03952847075210474,0.8093260300071445,0.03971157398907069
UCI-489,rank,on,6,Balanced_RandomForest,0.7875,0.05796011559684814,0.7826167795053245,0.05961409917485372
UCI-489,rank,on,6,Balanced_LinearSVM,0.7625,0.03061862178478973,0.7595363975549734,0.03202350379793446
UCI-489,rank,on,7,Subspace_q32,0.9,0.0318688719599549,0.8981877582341978,0.03288097694475283
UCI-489,rank,on,7,Subspace_q16,0.8875,0.023385358667337132,0.8856387386263547,0.024491113262582426
UCI-489,rank,on,7,Fused_Grassmann_GSMOTE,0.875,0.01976423537605237,0.8740102707749766,0.019846096518429196
UCI-489,rank,on,7,Adaptive_Subspace_Fusion,0.875,0.01976423537605237,0.8731877582341978,0.0208207978417937
UCI-489,rank,on,7,Subspace_q8,0.875,0.01976423537605237,0.8731877582341978,0.0208207978417937
UCI-489,rank,on,7,Balanced_LogReg,0.875,0.01976423537605237,0.8727909328373725,0.02081594392251953
UCI-489,rank,on,7,SMOTE_LogReg,0.875,0.01976423537605237,0.8727909328373725,0.02081594392251953
UCI-489,rank,on,7,Euclidean_RBF_GSMOTE,0.85,0.0318688719599549,0.8486134453781512,0.032426741439545194
UCI-489,rank,on,7,PLS_DA,0.8125,0.02795084971874737,0.8086227824463119,0.02972154822315846
UCI-489,rank,on,7,Balanced_RandomForest,0.8,0.023385358667337132,0.7951532110820037,0.025122223570420526
UCI-489,rank,on,7,Balanced_LinearSVM,0.7875,0.046770717334674264,0.7854473287290625,0.04680679216706631
UCI-489,rank,on,8,Euclidean_RBF_GSMOTE,0.8625,0.03061862178478972,0.862450980392157,0.030588628076915047
UCI-489,rank,on,8,PLS_DA,0.85,0.0375,0.8488141923436041,0.03804804751831271
UCI-489,rank,on,8,Fused_Grassmann_GSMOTE,0.8375,0.024999999999999998,0.8361336032388664,0.025376110805696885
UCI-489,rank,on,8,Subspace_q16,0.825,0.036443449342783124,0.8242110177404296,0.03655293848445684
UCI-489,rank,on,8,Subspace_q32,0.825,0.049999999999999996,0.8234126984126984,0.05109271457350149
UCI-489,rank,on,8,Balanced_RandomForest,0.8125,0.02795084971874737,0.8115592903828197,0.028401491835912843
UCI-489,rank,on,8,Adaptive_Subspace_Fusion,0.8125,0.048412291827592706,0.8107656395891691,0.04943884869729701
UCI-489,rank,on,8,Balanced_LogReg,0.8125,0.02795084971874737,0.8086227824463119,0.02972154822315846
UCI-489,rank,on,8,SMOTE_LogReg,0.8125,0.02795084971874737,0.8086227824463119,0.02972154822315846
UCI-489,rank,on,8,Balanced_LinearSVM,0.7875,0.0318688719599549,0.7849285544177185,0.0336258633640367
UCI-489,rank,on,8,Subspace_q8,0.775,0.03186887195995491,0.7734173669467788,0.031845410715892475
UCI-489,rank,on,9,PLS_DA,0.8625,0.023385358667337132,0.8613632119514472,0.023399937223003448
UCI-489,rank,on,9,Fused_Grassmann_GSMOTE,0.8625,0.041457809879442496,0.8607656395891692,0.04198291401988224
UCI-489,rank,on,9,Euclidean_RBF_GSMOTE,0.8375,0.0318688719599549,0.8359663865546219,0.03232004800501593
UCI-489,rank,on,9,Balanced_LogReg,0.8375,0.0318688719599549,0.8334267040149393,0.034135585663251616
UCI-489,rank,on,9,SMOTE_LogReg,0.8375,0.0318688719599549,0.8334267040149393,0.034135585663251616
UCI-489,rank,on,9,Subspace_q16,0.825,0.03061862178478973,0.8224968151903136,0.0312489120584114
UCI-489,rank,on,9,Balanced_LinearSVM,0.8125,0.04419417382415922,0.8092329428397541,0.046063300020717714
UCI-489,rank,on,9,Subspace_q8,0.8125,0.04419417382415922,0.8088361174429286,0.04592315385419855
UCI-489,rank,on,9,Adaptive_Subspace_Fusion,0.8125,0.03952847075210474,0.8085131380487418,0.04131185242874901
UCI-489,rank,on,9,Balanced_RandomForest,0.8,0.04145780987944249,0.7986181139122316,0.04180444727070524
UCI-489,rank,on,9,Subspace_q32,0.8,0.04145780987944249,0.7940462014765421,0.04400615301958066
UCI-489,rank,on,10,Euclidean_RBF_GSMOTE,0.8625,0.04592793267718459,0.862156862745098,0.045988230445243417
UCI-489,rank,on,10,Subspace_q16,0.85,0.0318688719599549,0.8498039215686275,0.03187880439939115
UCI-489,rank,on,10,Fused_Grassmann_GSMOTE,0.85,0.050775240028974745,0.8498039215686275,0.0507814746727056
UCI-489,rank,on,10,Subspace_q8,0.85,0.046770717334674264,0.8496031746031747,0.046719344525958925
UCI-489,rank,on,10,Adaptive_Subspace_Fusion,0.8375,0.0375,0.8374509803921569,0.03746733807638055
UCI-489,rank,on,10,Subspace_q32,0.825,0.036443449342783124,0.8248039215686275,0.03641850064929203
UCI-489,rank,on,10,Balanced_RandomForest,0.8125,0.052291251658379716,0.8111671335200746,0.05267796114621415
UCI-489,rank,on,10,PLS_DA,0.8125,0.06555055301063448,0.8109663865546219,0.06647509283441279
UCI-489,rank,on,10,Balanced_LinearSVM,0.8,0.0637377439199098,0.799313725490196,0.06401660504022831
UCI-489,rank,on,10,Balanced_LogReg,0.7875,0.06434768838116875,0.7869607843137254,0.06460509083964729
UCI-489,rank,on,10,SMOTE_LogReg,0.7875,0.06434768838116875,0.7869607843137254,0.06460509083964729
UCI-489,rank,on,11,Subspace_q8,0.8625,0.023385358667337132,0.8589245360762389,0.024703533748194034
UCI-489,rank,on,11,Fused_Grassmann_GSMOTE,0.8625,0.03061862178478972,0.8579271708683475,0.03354066194148953
UCI-489,rank,on,11,Adaptive_Subspace_Fusion,0.85,0.03186887195995491,0.8444575995040392,0.03471002997731393
UCI-489,rank,on,11,Balanced_LogReg,0.8375,0.024999999999999998,0.8332047312852267,0.026039320978934778
UCI-489,rank,on,11,SMOTE_LogReg,0.8375,0.024999999999999998,0.8332047312852267,0.026039320978934778
UCI-489,rank,on,11,Subspace_q32,0.8375,0.024999999999999998,0.8316097937150569,0.02781602837869892
UCI-489,rank,on,11,Subspace_q16,0.825,0.036443449342783124,0.815679057784321,0.04254794884990063
UCI-489,rank,on,11,PLS_DA,0.8125,0.02795084971874737,0.8074323062558356,0.029901391881033048
UCI-489,rank,on,11,Euclidean_RBF_GSMOTE,0.8125,0.02795084971874737,0.8048926237161531,0.03128117947247834
UCI-489,rank,on,11,Balanced_RandomForest,0.775,0.015309310892394864,0.7693595602883528,0.01632998601390777
UCI-489,rank,on,11,Balanced_LinearSVM,0.725,0.0375,0.7205865342088253,0.03683917648600486
UCI-489,rank,on,12,Fused_Grassmann_GSMOTE,0.85,0.0318688719599549,0.8490102707749767,0.03172532004103372
UCI-489,rank,on,12,Subspace_q16,0.825,0.04592793267718459,0.8243090569561158,0.04597502675061458
UCI-489,rank,on,12,Subspace_q8,0.825,0.036443449342783124,0.8236134453781514,0.03669688852769412
UCI-489,rank,on,12,Euclidean_RBF_GSMOTE,0.8125,0.02795084971874737,0.8119561157796452,0.027730833465735353
UCI-489,rank,on,12,Adaptive_Subspace_Fusion,0.8125,0.04419417382415922,0.8116619981325865,0.044193953346102086
UCI-489,rank,on,12,Subspace_q32,0.8125,0.04419417382415922,0.8116619981325865,0.044193953346102086
UCI-489,rank,on,12,Balanced_RandomForest,0.8,0.023385358667337132,0.7989122315592903,0.023778638359329446
UCI-489,rank,on,12,PLS_DA,0.775,0.04238956239453292,0.7727217553688142,0.043495769947731695
UCI-489,rank,on,12,Balanced_LogReg,0.775,0.050775240028974745,0.7709594499068183,0.05135395596325344
UCI-489,rank,on,12,SMOTE_LogReg,0.775,0.050775240028974745,0.7709594499068183,0.05135395596325344
UCI-489,rank,on,12,Balanced_LinearSVM,0.75,0.04419417382415922,0.7463851370507717,0.04471153670925816
UCI-489,rank,on,13,Euclidean_RBF_GSMOTE,0.875,0.04419417382415922,0.874407096171802,0.044230393580339006
UCI-489,rank,on,13,Adaptive_Subspace_Fusion,0.8625,0.049999999999999996,0.8620541549953314,0.04995830014302503
UCI-489,rank,on,13,Subspace_q32,0.8625,0.049999999999999996,0.8620541549953314,0.04995830014302503
UCI-489,rank,on,13,Fused_Grassmann_GSMOTE,0.8625,0.045927932677184584,0.8609375248074939,0.04633709808351314
UCI-489,rank,on,13,Balanced_LogReg,0.85,0.054486236794258416,0.8488141923436041,0.054976657329598506
UCI-489,rank,on,13,SMOTE_LogReg,0.85,0.054486236794258416,0.8488141923436041,0.054976657329598506
UCI-489,rank,on,13,Subspace_q16,0.85,0.050775240028974745,0.8485845836310233,0.051023879550091175
UCI-489,rank,on,13,PLS_DA,0.8375,0.05796011559684814,0.8350458347981569,0.05855597381696658
UCI-489,rank,on,13,Subspace_q8,0.8125,0.052291251658379716,0.8088235294117647,0.05346329321736101
UCI-489,rank,on,13,Balanced_RandomForest,0.8,0.05376453291901641,0.7967819624475971,0.05515754771682475
UCI-489,rank,on,13,Balanced_LinearSVM,0.75,0.03952847075210474,0.7491176470588237,0.039761036493884946
UCI-489,rank,on,14,Euclidean_RBF_GSMOTE,0.85,0.0318688719599549,0.8485845836310233,0.03226354419995132
UCI-489,rank,on,14,Fused_Grassmann_GSMOTE,0.8375,0.024999999999999998,0.8369561157796452,0.02489071468356791
UCI-489,rank,on,14,PLS_DA,0.8375,0.046770717334674264,0.8368627450980393,0.0469541319124573
UCI-489,rank,on,14,Adaptive_Subspace_Fusion,0.825,0.03644344934278313,0.8246078431372549,0.03668730414291699
UCI-489,rank,on,14,Subspace_q8,0.825,0.03644344934278313,0.8246078431372549,0.03668730414291699
UCI-489,rank,on,14,Subspace_q16,0.825,0.03644344934278313,0.8246078431372549,0.03668730414291699
UCI-489,rank,on,14,Subspace_q32,0.825,0.041457809879442496,0.8244117647058824,0.04165005435850148
UCI-489,rank,on,14,Balanced_RandomForest,0.8125,0.03952847075210474,0.8118580765639589,0.03956749608809285
UCI-489,rank,on,14,Balanced_LogReg,0.8,0.049999999999999996,0.7983193277310925,0.05098223901601298
UCI-489,rank,on,14,SMOTE_LogReg,0.8,0.049999999999999996,0.7983193277310925,0.05098223901601298
UCI-489,rank,on,14,Balanced_LinearSVM,0.8,0.053764532919016415,0.798216619981326,0.05456028595962151
PD-252,rank,auto,19,Subspace_q16,0.8154602983550351,0.02915848395737162,0.8088182887992676,0.024486728621314874
PD-252,rank,auto,19,Adaptive_Subspace_Fusion,0.8127575956523325,0.0339000851419905,0.8039959607767827,0.028539090510384668
PD-252,rank,auto,19,Subspace_q32,0.8079704198125249,0.04160185240366822,0.8058270754409657,0.03364070353544313
PD-252,rank,auto,19,Subspace_q8,0.8069245358719043,0.025547854602809922,0.7956462395054742,0.02057665749223537
PD-252,rank,auto,19,Euclidean_RBF_GSMOTE,0.7738911988911988,0.03249677491736622,0.7613725347358444,0.026294683358721736
PD-252,rank,auto,19,SMOTE_LogReg,0.7539181894445052,0.024436966602141445,0.7608115912269471,0.022484927692174327
PD-252,rank,auto,19,PLS_DA,0.7520097020097021,0.018479054230863046,0.754148153905591,0.024266861327648707
PD-252,rank,auto,19,Balanced_LogReg,0.7487261553051027,0.026302821962625393,0.7526708377367938,0.023715760411353322
PD-252,rank,auto,19,Fused_Grassmann_GSMOTE,0.7430280482912061,0.030786602333374855,0.7461215535895327,0.025320799672746787
PD-252,rank,auto,19,Balanced_LinearSVM,0.7386758215705584,0.02971371187784648,0.7470440098662745,0.027373969233916034
PD-252,rank,auto,19,Balanced_RandomForest,0.6298582995951417,0.016066996855130158,0.6487244091981449,0.020897171680638482
UCI-489,rank,on,15,Fused_Grassmann_GSMOTE,0.875,0.01976423537605237,0.874407096171802,0.01984509300234428
UCI-489,rank,on,15,PLS_DA,0.875,0.01976423537605237,0.874407096171802,0.01984509300234428
UCI-489,rank,on,15,Subspace_q32,0.875,0.03423265984407288,0.8741083099906628,0.034914309826022644
UCI-489,rank,on,15,Euclidean_RBF_GSMOTE,0.8625,0.036443449342783124,0.8614612511671336,0.037058312151433646
UCI-489,rank,on,15,Adaptive_Subspace_Fusion,0.8625,0.03061862178478973,0.8612605042016807,0.03127982687427784
UCI-489,rank,on,15,Balanced_LogReg,0.8625,0.045927932677184584,0.860765639589169,0.04683991590308075
UCI-489,rank,on,15,SMOTE_LogReg,0.8625,0.045927932677184584,0.860765639589169,0.04683991590308075
UCI-489,rank,on,15,Subspace_q8,0.85,0.0318688719599549,0.8486134453781512,0.032426741439545194
UCI-489,rank,on,15,Subspace_q16,0.85,0.04238956239453292,0.8472768270601087,0.04449305194657732
UCI-489,rank,on,15,Balanced_LinearSVM,0.825,0.023385358667337132,0.8239122315592903,0.02300051949718866
UCI-489,rank,on,15,Balanced_RandomForest,0.8125,0.03423265984407288,0.8105695611577964,0.03491582125532992
UCI-489,rank,on,16,Adaptive_Subspace_Fusion,0.875,0.04419417382415922,0.8748039215686274,0.04422905323796562
UCI-489,rank,on,16,Subspace_q8,0.875,0.04419417382415922,0.8748039215686274,0.04422905323796562
UCI-489,rank,on,16,Fused_Grassmann_GSMOTE,0.875,0.04419417382415922,0.8744070961718021,0.044230393580339006
UCI-489,rank,on,16,Subspace_q32,0.8625,0.04145780987944249,0.8623529411764705,0.041502386640840466
UCI-489,rank,on,16,Subspace_q16,0.8625,0.036443449342783124,0.8622549019607844,0.03644369660057344
UCI-489,rank,on,16,Euclidean_RBF_GSMOTE,0.8625,0.036443449342783124,0.8622549019607844,0.03644369660057344
UCI-489,rank,on,16,Balanced_LogReg,0.8375,0.0318688719599549,0.8367600373482726,0.031773055175965646
UCI-489,rank,on,16,SMOTE_LogReg,0.8375,0.0318688719599549,0.8367600373482726,0.031773055175965646
UCI-489,rank,on,16,PLS_DA,0.825,0.023385358667337132,0.8243090569561158,0.023214740005854287
UCI-489,rank,on,16,Balanced_RandomForest,0.8,0.03061862178478972,0.799313725490196,0.030798828849746142
UCI-489,rank,on,16,Balanced_LinearSVM,0.8,0.03061862178478973,0.7989169000933707,0.03055663939233545
UCI-489,rank,on,17,Fused_Grassmann_GSMOTE,0.875,0.03423265984407288,0.8743090569561158,0.034368557281860355
UCI-489,rank,on,17,Euclidean_RBF_GSMOTE,0.8375,0.046770717334674264,0.8365592903828197,0.047166233777143754
UCI-489,rank,on,17,Balanced_LogReg,0.8375,0.05796011559684814,0.8342329428397539,0.059740403608460224
UCI-489,rank,on,17,SMOTE_LogReg,0.8375,0.05796011559684814,0.8342329428397539,0.059740403608460224
UCI-489,rank,on,17,Adaptive_Subspace_Fusion,0.825,0.053764532919016415,0.8246078431372549,0.05393012409845627
UCI-489,rank,on,17,Subspace_q16,0.825,0.053764532919016415,0.8246078431372549,0.05393012409845627
UCI-489,rank,on,17,Balanced_LinearSVM,0.825,0.036443449342783124,0.8228197945845006,0.0371012559608181
UCI-489,rank,on,17,Subspace_q32,0.8125,0.05590169943749474,0.8122549019607843,0.056039081902720424
UCI-489,rank,on,17,Subspace_q8,0.8125,0.059292706128157104,0.8118627450980392,0.0595511372430744
UCI-489,rank,on,17,PLS_DA,0.8125,0.04419417382415922,0.8096297682365794,0.04565789714705488
UCI-489,rank,on,17,Balanced_RandomForest,0.8125,0.052291251658379716,0.8091349036240677,0.05390735395774523
UCI-489,rank,on,18,Fused_Grassmann_GSMOTE,0.85,0.0318688719599549,0.8490102707749767,0.03172532004103372
UCI-489,rank,on,18,Euclidean_RBF_GSMOTE,0.85,0.0318688719599549,0.8490102707749767,0.03172532004103372
UCI-489,rank,on,18,Subspace_q8,0.85,0.01530931089239486,0.8489122315592905,0.015169739702757784
UCI-489,rank,on,18,Subspace_q32,0.85,0.04238956239453292,0.8480897190185116,0.04268415809638899
UCI-489,rank,on,18,Balanced_LogReg,0.8375,0.024999999999999994,0.835643407160435,0.025430294004706054
UCI-489,rank,on,18,SMOTE_LogReg,0.8375,0.024999999999999994,0.835643407160435,0.025430294004706054
UCI-489,rank,on,18,PLS_DA,0.825,0.049999999999999996,0.8245098039215687,0.05012287861246445
UCI-489,rank,on,18,Balanced_RandomForest,0.825,0.04145780987944249,0.8244117647058824,0.04165005435850148
UCI-489,rank,on,18,Adaptive_Subspace_Fusion,0.825,0.04145780987944249,0.8227956013714527,0.04163895438619918
UCI-489,rank,on,18,Subspace_q16,0.825,0.04145780987944249,0.8227956013714527,0.04163895438619918
UCI-489,rank,on,18,Balanced_LinearSVM,0.7625,0.023385358667337132,0.7599477955824705,0.02290818508228001
UCI-489,rank,on,19,PLS_DA,0.8625,0.045927932677184584,0.8613632119514472,0.04647638015844813
UCI-489,rank,on,19,Subspace_q8,0.85,0.046770717334674264,0.8474775740255616,0.048743473328489315
UCI-489,rank,on,19,Balanced_LogReg,0.85,0.046770717334674264,0.8462582360879575,0.048981486345608845
UCI-489,rank,on,19,SMOTE_LogReg,0.85,0.046770717334674264,0.8462582360879575,0.048981486345608845
UCI-489,rank,on,19,Adaptive_Subspace_Fusion,0.8375,0.04238956239453292,0.8356676003734828,0.043174344708274894
UCI-489,rank,on,19,Fused_Grassmann_GSMOTE,0.8375,0.04238956239453292,0.8356676003734828,0.043174344708274894
UCI-489,rank,on,19,Euclidean_RBF_GSMOTE,0.8375,0.046770717334674264,0.8348305152020323,0.0485987182843178
UCI-489,rank,on,19,Balanced_RandomForest,0.825,0.053764532919016415,0.822594854406,0.05429113589535488
UCI-489,rank,on,19,Subspace_q16,0.825,0.049999999999999996,0.8216839232319109,0.05182939987208581
UCI-489,rank,on,19,Subspace_q32,0.825,0.049999999999999996,0.8216839232319109,0.05182939987208581
UCI-489,rank,on,19,Balanced_LinearSVM,0.775,0.050775240028974745,0.768216619981326,0.054658734463244485
